team_id,user_id
1,63
1,12
1,46
1,3
1,68
2,62
2,17
2,28
2,44
2,34
2,49
3,52
3,71
3,21
3,64
3,60
3,61
4,27
4,66
4,53
4,54
4,33
4,13
5,67
5,35
5,10
5,39
5,5
5,32
6,47
6,29
6,65
6,43
6,16
6,51
7,6
7,14
7,38
7,25
7,41
7,42
8,20
8,69
8,58
8,57
8,9
8,36
9,31
9,48
9,4
9,18
9,40
9,55
10,24
10,70
10,26
10,7
10,8
10,23
11,50
11,15
11,11
11,19
11,45
11,56
12,22
12,2
12,37
12,59
12,30
13,100
13,113
13,125
13,106
13,92
13,90
14,115
14,111
14,101
14,131
14,123
14,112
15,82
15,91
15,78
15,129
15,119
16,79
16,98
16,96
16,105
16,80
16,93
17,127
17,86
17,73
17,128
17,74
17,120
18,99
18,103
18,77
18,75
18,76
18,110
19,84
19,121
19,107
19,81
19,117
19,95
20,83
20,102
20,118
20,122
20,124
20,89
21,130
21,116
21,114
21,108
21,104
21,88
22,126
22,109
22,97
22,87
22,94
22,85
23,146
23,140
23,165
23,167
23,155
23,169
24,149
24,159
24,158
24,173
24,145
24,162
25,134
25,174
25,161
25,151
25,139
25,137
26,166
26,135
26,152
26,172
26,138
26,136
27,168
27,171
27,142
27,157
27,144
27,164
28,170
28,163
28,154
28,141
28,156
28,150
29,160
29,147
29,148
29,153
29,133
29,143
30,199
30,205
30,202
30,213
30,197
30,190
31,208
31,217
31,177
31,178
31,198
31,185
32,191
32,214
32,201
32,206
32,209
32,186
33,211
33,187
33,200
33,182
33,203
33,192
33,207
34,195
34,176
34,179
34,184
34,181
34,180
35,212
35,183
35,204
35,218
35,210
35,193
36,194
36,215
36,188
36,196
36,189
36,216
37,231
37,220
37,249
37,245
37,232
37,237
38,238
38,226
38,221
38,223
38,248
38,225
39,229
39,247
39,222
39,228
39,243
39,235
40,234
40,230
40,233
40,241
40,239
40,224
41,246
41,240
41,244
41,242
41,236
41,227
42,253
42,299
42,259
42,257
42,267
42,277
43,280
43,306
43,262
43,290
43,268
43,309
44,282
44,258
44,252
44,256
44,271
44,264
45,295
45,276
45,301
45,275
45,302
45,261
46,304
46,305
46,265
46,279
46,298
46,297
47,292
47,310
47,303
47,255
47,291
47,287
47,263
48,273
48,278
48,296
48,286
48,283
48,266
48,254
49,311
49,294
49,293
49,312
49,284
49,251
49,274
50,269
50,272
50,289
50,313
50,281
50,308
51,260
51,300
51,285
51,307
51,288
51,270
52,328
52,336
52,334
52,357
52,337
52,323
53,354
53,340
53,321
53,326
53,345
53,330
53,338
54,348
54,320
54,355
54,331
54,353
54,316
55,364
55,319
55,362
55,329
55,352
55,344
56,347
56,349
56,324
56,315
56,333
56,350
57,339
57,360
57,325
57,343
57,351
57,322
58,341
58,332
58,317
58,356
58,346
58,318
59,359
59,327
59,361
59,335
59,342
59,363
59,358
60,404
60,387
60,367
60,413
60,414
60,380
61,418
61,429
61,384
61,381
61,401
61,392
62,375
62,399
62,434
62,426
62,424
62,427
63,411
63,370
63,368
63,378
63,400
63,433
64,371
64,405
64,377
64,383
64,403
64,419
65,436
65,396
65,389
65,415
65,394
65,373
66,382
66,406
66,385
66,369
66,393
66,423
67,408
67,431
67,397
67,420
67,395
67,428
68,390
68,398
68,402
68,374
68,435
68,430
69,366
69,422
69,417
69,391
69,421
69,407
70,372
70,412
70,409
70,410
70,376
71,425
71,379
71,432
71,416
71,386
71,388
72,444
72,441
72,477
72,439
72,454
72,446
73,438
73,466
73,469
73,445
73,457
73,479
74,471
74,470
74,475
74,440
74,480
74,463
75,451
75,455
75,453
75,459
75,442
76,474
76,462
76,465
76,452
76,449
76,450
77,456
77,443
77,464
77,460
77,458
78,447
78,478
78,473
78,482
78,481
79,448
79,472
79,468
79,467
79,461
79,476
80,528
80,523
80,489
80,493
80,511
80,496
81,517
81,505
81,535
81,533
81,508
81,514
82,506
82,532
82,495
82,499
82,485
82,522
83,515
83,526
83,509
83,487
83,503
83,516
84,494
84,542
84,521
84,525
84,529
84,502
85,504
85,501
85,491
85,534
85,484
85,500
86,537
86,530
86,507
86,524
86,536
86,539
87,540
87,512
87,519
87,527
87,543
87,488
88,531
88,518
88,538
88,513
88,497
88,486
89,510
89,498
89,492
89,541
89,520
89,490
90,586
90,577
90,546
90,556
90,564
90,569
91,576
91,560
91,565
91,567
91,563
91,554
92,551
92,568
92,573
92,566
92,557
92,550
93,555
93,552
93,572
93,584
93,558
93,575
94,559
94,580
94,585
94,548
94,549
94,562
95,571
95,574
95,570
95,545
95,547
95,582
96,581
96,579
96,583
96,561
96,553
96,578
97,662
97,634
97,616
97,643
97,620
97,609
98,639
98,653
98,636
98,622
98,661
98,625
99,633
99,658
99,640
99,594
99,605
99,644
100,659
100,648
100,647
100,603
100,614
101,618
101,606
101,631
101,650
101,641
101,588
102,651
102,656
102,599
102,663
102,597
102,623
103,655
103,612
103,652
103,637
103,646
103,590
104,598
104,619
104,660
104,638
104,628
104,621
105,613
105,601
105,645
105,632
105,624
105,602
106,657
106,626
106,589
106,615
106,595
106,600
107,642
107,630
107,617
107,608
107,611
107,627
108,596
108,604
108,610
108,649
108,607
108,664
109,592
109,593
109,654
109,629
109,635
109,591
110,723
110,676
110,721
110,734
110,683
110,691
110,669
111,688
111,728
111,679
111,692
111,737
111,731
112,682
112,684
112,727
112,741
112,739
112,742
113,712
113,671
113,722
113,685
113,710
113,690
114,667
114,713
114,720
114,678
114,709
114,704
115,702
115,706
115,740
115,725
115,735
115,689
116,680
116,711
116,672
116,714
116,726
116,694
117,670
117,700
117,674
117,730
117,724
117,687
118,732
118,733
118,696
118,686
118,673
118,693
119,716
119,703
119,745
119,718
119,698
119,744
119,675
120,715
120,699
120,719
120,729
120,701
120,681
121,668
121,707
121,666
121,738
121,677
121,736
122,705
122,743
122,708
122,695
122,697
122,717
123,776
123,761
123,792
123,783
123,752
123,766
124,777
124,764
124,781
124,771
124,778
124,795
124,796
125,763
125,790
125,754
125,760
125,759
125,775
125,747
126,751
126,769
126,782
126,770
126,794
126,787
127,749
127,786
127,797
127,780
127,762
127,773
128,772
128,789
128,756
128,785
128,784
128,753
128,765
129,757
129,755
129,767
129,748
129,793
129,791
130,788
130,768
130,774
130,779
130,758
130,750
131,848
131,824
131,809
131,833
131,836
131,799
132,801
132,822
132,834
132,818
132,819
133,839
133,823
133,832
133,835
133,817
134,831
134,802
134,829
134,825
134,827
134,812
135,841
135,803
135,807
135,844
135,850
135,810
136,840
136,849
136,826
136,816
136,800
136,821
137,814
137,808
137,806
137,805
137,804
137,811
138,820
138,838
138,830
138,843
138,813
138,845
139,846
139,847
139,842
139,815
139,837
139,828
140,871
140,880
140,867
140,865
140,874
140,875
141,889
141,882
141,856
141,873
141,884
141,853
142,870
142,876
142,892
142,864
142,891
143,863
143,872
143,866
143,859
143,862
143,883
144,881
144,869
144,861
144,886
144,858
144,877
145,852
145,860
145,854
145,857
145,890
145,879
146,868
146,885
146,888
146,855
146,887
146,878
147,923
147,963
147,931
147,961
147,922
147,902
148,905
148,948
148,917
148,965
148,944
148,907
149,946
149,912
149,937
149,941
149,908
149,903
150,897
150,962
150,914
150,964
150,925
150,935
151,934
151,957
151,949
151,894
151,895
151,910
152,938
152,943
152,930
152,904
152,953
152,915
153,950
153,933
153,952
153,896
153,932
153,955
154,942
154,947
154,899
154,916
154,940
154,928
155,939
155,924
155,926
155,960
155,954
155,927
156,929
156,909
156,918
156,901
156,936
156,919
157,951
157,945
157,911
157,898
157,920
157,906
158,958
158,959
158,956
158,913
158,921
158,900
159,972
159,988
159,1028
159,991
159,1032
159,1012
160,1037
160,969
160,1033
160,1036
160,970
160,973
161,997
161,971
161,1035
161,999
161,1029
161,995
162,1005
162,1039
162,1018
162,1013
162,983
162,978
162,981
163,996
163,1025
163,1020
163,1027
163,975
163,1004
164,1021
164,1011
164,976
164,1019
164,992
164,979
165,1038
165,1007
165,1015
165,1002
165,1001
165,1040
166,994
166,982
166,977
166,1000
166,986
166,1023
167,968
167,1017
167,993
167,1003
167,1024
167,1016
168,1006
168,980
168,974
168,1022
168,987
168,989
169,984
169,1031
169,1010
169,1014
169,1034
169,1008
170,985
170,990
170,1030
170,967
170,1009
170,1026
170,998
171,1061
171,1057
171,1066
171,1043
171,1051
171,1060
172,1059
172,1077
172,1045
172,1063
172,1062
172,1071
173,1070
173,1076
173,1072
173,1075
173,1065
173,1056
174,1050
174,1046
174,1074
174,1042
174,1058
174,1052
175,1053
175,1055
175,1073
175,1054
175,1048
175,1049
176,1047
176,1044
176,1067
176,1064
176,1078
176,1069
176,1068
177,1109
177,1107
177,1081
177,1087
177,1080
177,1085
178,1096
178,1082
178,1094
178,1102
178,1112
178,1105
179,1089
179,1092
179,1111
179,1110
179,1098
180,1100
180,1099
180,1083
180,1093
180,1090
180,1084
181,1101
181,1088
181,1097
181,1086
181,1106
182,1091
182,1104
182,1103
182,1095
182,1108
183,1125
183,1158
183,1154
183,1120
183,1116
183,1142
184,1148
184,1145
184,1146
184,1157
184,1138
184,1135
184,1143
185,1122
185,1129
185,1133
185,1156
185,1115
185,1137
186,1151
186,1141
186,1147
186,1121
186,1149
186,1136
186,1162
187,1144
187,1152
187,1118
187,1134
187,1128
187,1117
188,1114
188,1153
188,1123
188,1155
188,1119
188,1140
189,1150
189,1124
189,1159
189,1160
189,1132
189,1131
190,1161
190,1127
190,1163
190,1139
190,1126
190,1130
191,1199
191,1208
191,1203
191,1175
191,1209
192,1206
192,1188
192,1193
192,1186
192,1172
193,1180
193,1207
193,1192
193,1178
193,1189
193,1182
194,1170
194,1190
194,1191
194,1202
194,1205
194,1184
195,1197
195,1204
195,1166
195,1195
195,1200
195,1194
196,1168
196,1167
196,1185
196,1201
196,1176
196,1181
197,1173
197,1183
197,1187
197,1165
197,1177
197,1171
198,1174
198,1179
198,1198
198,1169
198,1196
199,1219
199,1269
199,1241
199,1237
199,1212
199,1224
200,1215
200,1250
200,1264
200,1226
200,1255
200,1251
201,1258
201,1287
201,1243
201,1267
201,1277
201,1218
202,1280
202,1266
202,1231
202,1263
202,1245
202,1220
203,1265
203,1276
203,1248
203,1211
203,1270
203,1246
204,1256
204,1284
204,1242
204,1236
204,1249
204,1261
205,1223
205,1288
205,1225
205,1213
205,1283
205,1230
206,1259
206,1286
206,1262
206,1216
206,1275
206,1233
207,1273
207,1279
207,1253
207,1217
207,1221
207,1214
208,1232
208,1254
208,1282
208,1234
208,1278
208,1271
209,1240
209,1222
209,1260
209,1268
209,1272
209,1274
210,1257
210,1281
210,1244
210,1285
210,1227
210,1239
211,1238
211,1252
211,1228
211,1229
211,1247
211,1235
212,1316
212,1301
212,1308
212,1297
212,1293
213,1344
213,1326
213,1310
213,1294
213,1311
213,1341
214,1303
214,1314
214,1296
214,1312
214,1320
214,1313
215,1304
215,1290
215,1336
215,1291
215,1292
215,1342
216,1302
216,1332
216,1329
216,1298
216,1346
216,1328
217,1306
217,1324
217,1318
217,1317
217,1300
218,1295
218,1347
218,1323
218,1338
218,1337
218,1327
219,1321
219,1335
219,1325
219,1315
219,1299
219,1319
220,1340
220,1305
220,1322
220,1334
220,1339
220,1333
221,1309
221,1330
221,1331
221,1343
221,1345
221,1307
222,1351
222,1405
222,1398
222,1375
222,1401
222,1356
223,1365
223,1371
223,1379
223,1350
223,1387
224,1394
224,1376
224,1391
224,1406
224,1397
224,1396
225,1368
225,1362
225,1357
225,1355
225,1382
226,1349
226,1374
226,1378
226,1395
226,1385
226,1359
227,1369
227,1354
227,1352
227,1392
227,1367
227,1366
228,1389
228,1380
228,1361
228,1372
228,1377
228,1402
229,1373
229,1388
229,1363
229,1390
229,1358
229,1399
230,1353
230,1384
230,1386
230,1383
230,1360
230,1381
231,1364
231,1370
231,1403
231,1393
231,1400
231,1404
232,1428
232,1420
232,1431
232,1413
232,1427
232,1408
233,1417
233,1422
233,1429
233,1438
233,1435
233,1415
233,1425
234,1437
234,1416
234,1419
234,1439
234,1409
234,1434
235,1432
235,1423
235,1411
235,1436
235,1418
235,1412
236,1424
236,1414
236,1421
236,1410
236,1430
236,1433
236,1426
237,1464
237,1471
237,1468
237,1456
237,1454
237,1463
238,1465
238,1482
238,1472
238,1444
238,1450
238,1461
239,1480
239,1479
239,1469
239,1442
239,1467
239,1474
240,1448
240,1470
240,1457
240,1441
240,1473
240,1455
241,1453
241,1452
241,1466
241,1449
241,1476
241,1481
242,1446
242,1475
242,1462
242,1477
242,1451
242,1445
243,1460
243,1458
243,1447
243,1443
243,1459
243,1478
244,1521
244,1489
244,1525
244,1485
244,1537
244,1539
245,1498
245,1518
245,1511
245,1548
245,1552
245,1520
246,1534
246,1505
246,1558
246,1507
246,1553
246,1509
247,1523
247,1535
247,1497
247,1495
247,1513
247,1533
248,1522
248,1517
248,1526
248,1557
248,1512
248,1514
249,1532
249,1494
249,1546
249,1502
249,1530
249,1524
250,1527
250,1500
250,1496
250,1492
250,1538
250,1503
251,1506
251,1554
251,1545
251,1541
251,1544
251,1549
251,1515
252,1540
252,1551
252,1536
252,1529
252,1547
252,1490
252,1519
253,1488
253,1531
253,1487
253,1504
253,1484
253,1501
254,1543
254,1499
254,1528
254,1486
254,1555
254,1508
254,1493
255,1556
255,1550
255,1516
255,1542
255,1491
255,1510
256,1583
256,1574
256,1570
256,1616
256,1582
257,1614
257,1576
257,1561
257,1619
257,1568
257,1623
258,1588
258,1586
258,1575
258,1578
258,1603
258,1563
259,1571
259,1601
259,1620
259,1602
259,1565
259,1591
260,1618
260,1598
260,1621
260,1622
260,1592
260,1612
261,1579
261,1569
261,1600
261,1611
261,1606
261,1590
262,1593
262,1587
262,1589
262,1605
262,1560
262,1610
263,1597
263,1577
263,1572
263,1596
263,1584
264,1609
264,1594
264,1608
264,1564
264,1567
264,1617
265,1607
265,1566
265,1580
265,1562
265,1599
265,1615
266,1573
266,1613
266,1595
266,1585
266,1604
266,1581
267,1640
267,1639
267,1625
267,1646
267,1635
267,1627
268,1655
268,1658
268,1661
268,1650
268,1632
268,1641
269,1656
269,1657
269,1633
269,1631
269,1643
269,1654
270,1642
270,1663
270,1659
270,1660
270,1626
270,1638
271,1653
271,1634
271,1636
271,1647
271,1662
271,1649
272,1645
272,1628
272,1644
272,1651
272,1648
273,1652
273,1637
273,1664
273,1629
273,1630
274,1669
274,1683
274,1703
274,1701
274,1704
274,1679
275,1676
275,1689
275,1671
275,1675
275,1708
275,1695
276,1699
276,1694
276,1673
276,1678
276,1674
276,1682
277,1702
277,1710
277,1693
277,1666
277,1700
277,1696
278,1667
278,1697
278,1687
278,1688
278,1709
278,1680
278,1705
279,1672
279,1692
279,1690
279,1706
279,1712
279,1668
280,1670
280,1677
280,1714
280,1711
280,1698
280,1707
281,1691
281,1713
281,1684
281,1686
281,1685
281,1681
282,1727
282,1751
282,1773
282,1759
282,1718
282,1716
283,1729
283,1734
283,1749
283,1775
283,1722
283,1760
284,1771
284,1747
284,1717
284,1741
284,1772
284,1728
285,1752
285,1755
285,1774
285,1724
285,1765
285,1726
286,1761
286,1746
286,1754
286,1732
286,1738
286,1744
287,1766
287,1748
287,1753
287,1725
287,1735
287,1776
288,1720
288,1763
288,1740
288,1719
288,1745
288,1768
289,1730
289,1769
289,1733
289,1767
289,1758
289,1723
290,1731
290,1742
290,1743
290,1757
290,1770
290,1762
290,1750
291,1736
291,1739
291,1721
291,1756
291,1764
291,1737
292,1781
292,1810
292,1819
292,1828
292,1798
292,1785
293,1805
293,1834
293,1799
293,1821
293,1842
293,1829
294,1788
294,1836
294,1793
294,1780
294,1778
294,1835
295,1801
295,1816
295,1823
295,1791
295,1824
295,1830
296,1787
296,1808
296,1803
296,1783
296,1832
296,1817
297,1848
297,1827
297,1786
297,1815
297,1807
297,1849
298,1839
298,1820
298,1814
298,1811
298,1822
298,1847
299,1813
299,1795
299,1840
299,1825
299,1797
299,1838
300,1800
300,1843
300,1845
300,1833
300,1826
300,1837
301,1779
301,1844
301,1782
301,1796
301,1809
301,1831
302,1784
302,1789
302,1802
302,1841
302,1812
302,1846
303,1818
303,1792
303,1806
303,1804
303,1794
303,1790
304,1863
304,1866
304,1870
304,1853
304,1856
304,1865
304,1882
305,1904
305,1887
305,1888
305,1854
305,1892
305,1895
306,1883
306,1903
306,1875
306,1869
306,1872
306,1874
307,1906
307,1898
307,1880
307,1881
307,1893
307,1852
308,1878
308,1896
308,1894
308,1877
308,1873
308,1897
309,1876
309,1905
309,1867
309,1862
309,1871
309,1886
310,1902
310,1861
310,1901
310,1851
310,1900
310,1884
311,1885
311,1891
311,1860
311,1889
311,1859
311,1858
311,1855
312,1868
312,1864
312,1857
312,1899
312,1879
312,1890
313,1937
313,1918
313,1933
313,1908
313,1941
313,1914
314,1934
314,1909
314,1925
314,1931
314,1942
314,1927
315,1922
315,1916
315,1919
315,1915
315,1940
315,1912
316,1939
316,1930
316,1932
316,1929
316,1943
316,1917
317,1924
317,1936
317,1928
317,1910
317,1921
317,1944
317,1923
318,1935
318,1920
318,1913
318,1938
318,1926
318,1911
319,1948
319,1982
319,1990
319,1972
319,1991
319,1956
320,2004
320,2001
320,1964
320,1977
320,2008
320,1983
321,1957
321,1951
321,2021
321,1965
321,1993
321,1967
322,2009
322,2019
322,2017
322,1946
322,2016
322,1971
323,1999
323,1970
323,1961
323,2014
323,1980
323,2015
324,1974
324,1997
324,1976
324,2007
324,1996
324,1981
325,2018
325,2012
325,1962
325,2025
325,1955
325,2011
326,2000
326,1998
326,1989
326,1994
326,1966
326,1985
327,1986
327,1973
327,1995
327,1950
327,1953
327,2024
328,1968
328,1984
328,2010
328,2006
328,2023
328,1978
328,2003
329,1947
329,2005
329,1975
329,2013
329,1954
329,1992
330,1960
330,1952
330,2020
330,2002
330,1963
330,1949
330,1979
331,1969
331,2022
331,1988
331,1987
331,1958
331,1959
332,2057
332,2055
332,2069
332,2073
332,2038
332,2080
333,2072
333,2056
333,2061
333,2029
333,2033
333,2032
333,2047
334,2067
334,2039
334,2040
334,2053
334,2068
334,2059
335,2078
335,2030
335,2066
335,2049
335,2050
335,2060
336,2037
336,2064
336,2036
336,2071
336,2075
336,2070
336,2046
337,2045
337,2028
337,2034
337,2042
337,2048
337,2027
338,2031
338,2077
338,2043
338,2074
338,2065
338,2051
339,2076
339,2041
339,2054
339,2035
339,2079
339,2081
340,2052
340,2063
340,2062
340,2044
340,2058
340,2082
341,2086
341,2129
341,2114
341,2119
341,2140
341,2132
341,2131
342,2093
342,2104
342,2094
342,2084
342,2122
342,2136
343,2108
343,2143
343,2109
343,2106
343,2142
343,2126
343,2096
344,2098
344,2112
344,2134
344,2139
344,2113
344,2115
345,2137
345,2130
345,2103
345,2092
345,2141
345,2102
346,2085
346,2087
346,2099
346,2144
346,2107
346,2116
347,2133
347,2095
347,2101
347,2091
347,2117
347,2121
348,2110
348,2118
348,2088
348,2090
348,2111
348,2125
349,2135
349,2124
349,2128
349,2089
349,2145
349,2097
350,2100
350,2105
350,2120
350,2138
350,2123
350,2127
351,2174
351,2181
351,2170
351,2169
351,2204
351,2202
352,2173
352,2172
352,2164
352,2154
352,2176
352,2171
353,2196
353,2163
353,2188
353,2148
353,2153
353,2198
354,2152
354,2192
354,2156
354,2207
354,2155
354,2209
355,2201
355,2205
355,2158
355,2149
355,2191
355,2166
356,2210
356,2212
356,2147
356,2199
356,2165
356,2151
357,2179
357,2183
357,2168
357,2185
357,2195
357,2184
358,2187
358,2186
358,2157
358,2182
358,2197
358,2150
359,2203
359,2194
359,2167
359,2161
359,2200
359,2189
360,2206
360,2211
360,2180
360,2190
360,2175
360,2160
361,2159
361,2208
361,2162
361,2177
361,2178
361,2193
362,2236
362,2242
362,2233
362,2218
362,2222
362,2238
362,2237
363,2216
363,2230
363,2225
363,2219
363,2232
363,2239
364,2228
364,2229
364,2227
364,2223
364,2217
364,2215
365,2226
365,2244
365,2220
365,2234
365,2231
365,2241
366,2221
366,2243
366,2214
366,2240
366,2224
366,2235
367,2281
367,2264
367,2255
367,2253
367,2267
367,2289
368,2262
368,2258
368,2260
368,2251
368,2276
368,2293
369,2302
369,2285
369,2256
369,2272
369,2284
369,2266
370,2297
370,2292
370,2269
370,2301
370,2291
370,2257
371,2248
371,2290
371,2288
371,2263
371,2299
371,2252
372,2254
372,2249
372,2298
372,2287
372,2279
372,2259
373,2296
373,2246
373,2300
373,2277
373,2303
373,2250
374,2305
374,2247
374,2286
374,2275
374,2271
374,2261
375,2294
375,2283
375,2295
375,2304
375,2265
375,2274
376,2268
376,2270
376,2280
376,2282
376,2278
376,2273
377,2315
377,2311
377,2332
377,2339
377,2349
377,2342
377,2310
378,2343
378,2322
378,2327
378,2314
378,2340
378,2346
379,2312
379,2328
379,2347
379,2307
379,2309
379,2313
380,2348
380,2345
380,2333
380,2335
380,2319
380,2325
381,2326
381,2308
381,2336
381,2329
381,2337
381,2330
382,2334
382,2320
382,2323
382,2341
382,2324
382,2316
383,2338
383,2321
383,2317
383,2318
383,2331
383,2344
384,2391
384,2368
384,2351
384,2407
384,2359
384,2388
385,2398
385,2423
385,2418
385,2403
385,2394
385,2361
386,2387
386,2399
386,2370
386,2363
386,2405
386,2373
387,2424
387,2352
387,2360
387,2355
387,2390
387,2413
388,2402
388,2392
388,2354
388,2366
388,2379
388,2404
388,2384
389,2409
389,2377
389,2372
389,2421
389,2410
389,2408
390,2414
390,2406
390,2362
390,2369
390,2396
390,2422
391,2389
391,2357
391,2415
391,2378
391,2353
391,2386
392,2411
392,2412
392,2365
392,2417
392,2385
392,2367
392,2374
393,2401
393,2400
393,2375
393,2416
393,2383
393,2393
394,2420
394,2356
394,2382
394,2397
394,2419
394,2381
395,2364
395,2371
395,2380
395,2395
395,2358
395,2376
396,2436
396,2445
396,2459
396,2430
396,2450
396,2446
397,2431
397,2448
397,2443
397,2442
397,2456
397,2438
398,2452
398,2449
398,2429
398,2462
398,2447
398,2454
399,2463
399,2435
399,2461
399,2428
399,2433
399,2434
400,2426
400,2440
400,2441
400,2455
400,2444
400,2451
400,2453
401,2439
401,2437
401,2460
401,2427
401,2432
401,2457
401,2458
402,2515
402,2501
402,2472
402,2470
402,2500
402,2498
403,2469
403,2505
403,2466
403,2477
403,2510
403,2474
404,2521
404,2507
404,2492
404,2524
404,2506
404,2486
405,2480
405,2526
405,2487
405,2493
405,2465
405,2517
406,2520
406,2475
406,2508
406,2494
406,2499
406,2481
407,2519
407,2489
407,2484
407,2497
407,2476
407,2495
408,2529
408,2523
408,2525
408,2491
408,2514
408,2483
409,2468
409,2490
409,2471
409,2513
409,2478
409,2482
410,2467
410,2522
410,2518
410,2509
410,2511
410,2530
411,2485
411,2528
411,2502
411,2473
411,2496
411,2512
412,2479
412,2527
412,2504
412,2503
412,2488
412,2516
413,2552
413,2574
413,2541
413,2564
413,2569
413,2536
414,2548
414,2577
414,2539
414,2533
414,2535
414,2571
415,2549
415,2576
415,2542
415,2570
415,2557
415,2555
416,2551
416,2550
416,2543
416,2563
416,2545
416,2562
417,2572
417,2544
417,2559
417,2565
417,2538
417,2580
418,2532
418,2558
418,2540
418,2568
418,2560
418,2553
419,2566
419,2567
419,2578
419,2534
419,2575
419,2547
420,2579
420,2561
420,2554
420,2537
420,2546
420,2573
420,2556
421,2589
421,2620
421,2598
421,2596
421,2611
421,2617
422,2601
422,2626
422,2583
422,2610
422,2624
422,2593
423,2597
423,2621
423,2602
423,2619
423,2584
423,2606
424,2591
424,2628
424,2615
424,2627
424,2609
424,2614
425,2592
425,2618
425,2585
425,2608
425,2600
425,2586
426,2605
426,2588
426,2607
426,2594
426,2599
427,2582
427,2604
427,2623
427,2616
427,2590
427,2603
428,2587
428,2595
428,2612
428,2625
428,2622
428,2613
429,2692
429,2669
429,2695
429,2636
429,2663
429,2672
430,2658
430,2644
430,2679
430,2639
430,2680
430,2664
431,2661
431,2657
431,2655
431,2665
431,2693
431,2682
432,2689
432,2677
432,2698
432,2684
432,2690
432,2666
433,2646
433,2683
433,2688
433,2640
433,2632
433,2659
434,2653
434,2697
434,2662
434,2673
434,2650
434,2701
435,2649
435,2667
435,2670
435,2694
435,2635
435,2687
436,2676
436,2638
436,2674
436,2630
436,2648
436,2631
437,2656
437,2642
437,2654
437,2681
437,2668
437,2678
438,2675
438,2652
438,2699
438,2685
438,2691
438,2641
439,2643
439,2686
439,2651
439,2634
439,2660
439,2671
440,2647
440,2645
440,2633
440,2637
440,2700
440,2696
441,2737
441,2734
441,2722
441,2746
441,2727
441,2718
442,2710
442,2711
442,2738
442,2704
442,2745
442,2725
442,2730
443,2709
443,2712
443,2733
443,2750
443,2717
443,2755
444,2753
444,2729
444,2708
444,2754
444,2705
444,2713
445,2751
445,2764
445,2743
445,2731
445,2741
445,2762
446,2706
446,2735
446,2747
446,2739
446,2763
446,2714
447,2726
447,2757
447,2744
447,2721
447,2715
447,2728
447,2719
448,2740
448,2765
448,2749
448,2752
448,2761
448,2724
449,2736
449,2748
449,2742
449,2760
449,2707
449,2732
450,2759
450,2758
450,2756
450,2723
450,2703
450,2720
450,2716
451,2797
451,2810
451,2807
451,2802
451,2771
451,2804
451,2779
452,2772
452,2786
452,2789
452,2808
452,2788
452,2773
453,2800
453,2780
453,2801
453,2798
453,2799
453,2781
454,2770
454,2790
454,2805
454,2812
454,2778
454,2777
455,2796
455,2776
455,2787
455,2791
455,2813
455,2767
456,2795
456,2782
456,2775
456,2784
456,2785
456,2816
456,2774
457,2814
457,2806
457,2809
457,2815
457,2794
457,2803
458,2792
458,2811
458,2769
458,2768
458,2783
458,2793
459,2832
459,2823
459,2857
459,2830
459,2838
459,2821
460,2820
460,2856
460,2862
460,2836
460,2863
460,2853
461,2844
461,2860
461,2825
461,2831
461,2851
461,2842
462,2849
462,2846
462,2858
462,2841
462,2848
462,2828
463,2864
463,2852
463,2847
463,2843
463,2826
463,2837
464,2855
464,2819
464,2850
464,2827
464,2824
464,2859
465,2839
465,2854
465,2840
465,2829
465,2865
465,2835
466,2861
466,2822
466,2834
466,2833
466,2818
466,2845
467,2891
467,2906
467,2912
467,2913
467,2896
467,2887
468,2880
468,2878
468,2872
468,2883
468,2881
468,2873
469,2890
469,2900
469,2907
469,2879
469,2901
469,2889
470,2910
470,2899
470,2909
470,2911
470,2903
470,2895
471,2908
471,2892
471,2869
471,2898
471,2894
472,2905
472,2868
472,2874
472,2904
472,2882
472,2884
473,2886
473,2902
473,2897
473,2867
473,2885
473,2870
474,2877
474,2871
474,2875
474,2893
474,2876
474,2888
475,2943
475,2936
475,2929
475,2918
475,2933
475,2920
476,2960
476,2926
476,2944
476,2958
476,2952
476,2931
477,2916
477,2950
477,2937
477,2957
477,2949
477,2953
478,2927
478,2924
478,2948
478,2923
478,2932
478,2922
479,2947
479,2917
479,2939
479,2934
479,2959
479,2928
480,2915
480,2951
480,2954
480,2938
480,2940
480,2941
481,2956
481,2919
481,2935
481,2955
481,2921
481,2962
482,2942
482,2945
482,2961
482,2925
482,2946
482,2930
483,3013
483,3024
483,2972
483,3020
483,3007
483,3022
484,3026
484,2979
484,2973
484,2997
484,2966
484,3018
485,2993
485,2984
485,2982
485,2985
485,3021
485,2990
486,2967
486,3019
486,3016
486,3010
486,3015
486,2983
487,3011
487,2980
487,2964
487,3028
487,2970
487,3004
488,3009
488,3012
488,2987
488,3005
488,2965
488,2981
489,2978
489,3023
489,2996
489,2998
489,2977
489,2975
490,3014
490,2995
490,2968
490,2969
490,3000
490,2976
491,2988
491,3003
491,3002
491,2994
491,3017
491,2971
492,3001
492,3008
492,2986
492,2989
492,2974
492,3006
493,3027
493,2999
493,2992
493,2991
493,3025
494,3054
494,3032
494,3035
494,3049
494,3048
494,3039
495,3059
495,3046
495,3058
495,3064
495,3037
495,3045
496,3047
496,3036
496,3033
496,3065
496,3061
496,3052
497,3057
497,3043
497,3062
497,3031
497,3060
497,3041
498,3056
498,3044
498,3042
498,3051
498,3038
498,3030
499,3040
499,3055
499,3063
499,3053
499,3050
499,3034
500,3102
500,3112
500,3122
500,3116
500,3114
500,3111
501,3077
501,3067
501,3092
501,3083
501,3080
501,3075
502,3120
502,3073
502,3068
502,3074
502,3106
502,3084
503,3095
503,3093
503,3097
503,3124
503,3100
503,3104
504,3099
504,3087
504,3121
504,3119
504,3078
505,3107
505,3082
505,3072
505,3117
505,3069
505,3094
506,3089
506,3090
506,3101
506,3070
506,3110
506,3109
507,3071
507,3113
507,3108
507,3091
507,3096
508,3079
508,3105
508,3085
508,3115
508,3086
508,3076
509,3118
509,3098
509,3123
509,3103
509,3088
509,3081
510,3173
510,3142
510,3154
510,3138
510,3128
510,3147
511,3168
511,3178
511,3144
511,3183
511,3146
511,3161
512,3174
512,3148
512,3163
512,3145
512,3165
513,3140
513,3131
513,3129
513,3181
513,3156
513,3160
514,3152
514,3162
514,3149
514,3169
514,3158
514,3164
515,3133
515,3176
515,3167
515,3136
515,3132
515,3157
516,3171
516,3150
516,3126
516,3177
516,3155
516,3179
517,3159
517,3130
517,3182
517,3137
517,3141
517,3151
518,3139
518,3184
518,3175
518,3166
518,3153
518,3135
519,3143
519,3172
519,3134
519,3180
519,3127
519,3170
520,3201
520,3190
520,3229
520,3215
520,3221
520,3209
521,3236
521,3205
521,3203
521,3187
521,3189
521,3240
522,3231
522,3220
522,3197
522,3219
522,3210
522,3237
523,3217
523,3206
523,3234
523,3196
523,3208
523,3226
524,3212
524,3214
524,3238
524,3239
524,3204
524,3216
525,3193
525,3233
525,3232
525,3211
525,3228
525,3225
526,3235
526,3200
526,3195
526,3192
526,3186
526,3202
527,3222
527,3224
527,3207
527,3198
527,3188
527,3199
527,3227
528,3213
528,3194
528,3218
528,3230
528,3223
528,3191
529,3250
529,3285
529,3277
529,3271
529,3268
529,3256
530,3252
530,3243
530,3261
530,3282
530,3260
530,3258
531,3270
531,3254
531,3253
531,3289
531,3276
531,3244
532,3262
532,3266
532,3278
532,3267
532,3255
532,3248
533,3281
533,3257
533,3242
533,3245
533,3259
533,3280
534,3247
534,3274
534,3287
534,3275
534,3246
534,3279
535,3265
535,3269
535,3284
535,3249
535,3264
535,3251
536,3286
536,3273
536,3263
536,3283
536,3272
536,3288
537,3333
537,3340
537,3330
537,3298
537,3335
537,3320
538,3321
538,3296
538,3326
538,3316
538,3303
539,3355
539,3336
539,3345
539,3332
539,3351
539,3322
540,3348
540,3308
540,3311
540,3302
540,3338
540,3350
541,3293
541,3297
541,3327
541,3317
541,3301
541,3313
542,3300
542,3354
542,3323
542,3307
542,3324
542,3328
543,3352
543,3318
543,3312
543,3331
543,3337
543,3329
544,3334
544,3344
544,3294
544,3342
544,3306
544,3346
545,3353
545,3341
545,3305
545,3339
545,3291
545,3347
546,3309
546,3349
546,3325
546,3292
546,3314
546,3304
547,3310
547,3319
547,3299
547,3343
547,3315
547,3295
548,3384
548,3392
548,3416
548,3418
548,3381
548,3396
549,3387
549,3428
549,3378
549,3424
549,3372
549,3360
550,3410
550,3400
550,3404
550,3409
550,3421
550,3361
551,3408
551,3369
551,3379
551,3393
551,3365
551,3412
552,3380
552,3377
552,3426
552,3368
552,3405
552,3374
553,3414
553,3373
553,3420
553,3391
553,3417
553,3363
554,3382
554,3427
554,3422
554,3398
554,3366
554,3375
555,3423
555,3385
555,3411
555,3359
555,3370
555,3397
556,3407
556,3394
556,3403
556,3425
556,3357
556,3388
557,3415
557,3399
557,3402
557,3367
557,3419
557,3371
558,3406
558,3364
558,3413
558,3358
558,3383
558,3376
559,3362
559,3390
559,3389
559,3395
559,3386
559,3401
560,3441
560,3449
560,3463
560,3434
560,3477
560,3475
561,3472
561,3500
561,3483
561,3438
561,3476
561,3484
562,3486
562,3478
562,3462
562,3452
562,3430
562,3457
563,3489
563,3505
563,3499
563,3442
563,3504
563,3460
564,3492
564,3464
564,3494
564,3470
564,3451
564,3459
565,3468
565,3482
565,3431
565,3456
565,3488
565,3479
566,3435
566,3493
566,3455
566,3466
566,3496
567,3481
567,3450
567,3465
567,3473
567,3495
567,3437
568,3436
568,3433
568,3497
568,3448
568,3498
568,3480
569,3446
569,3443
569,3445
569,3453
569,3485
569,3458
570,3454
570,3487
570,3491
570,3474
570,3467
570,3469
571,3502
571,3503
571,3447
571,3432
571,3471
571,3444
572,3439
572,3440
572,3461
572,3501
572,3490
572,3506
573,3546
573,3565
573,3530
573,3509
573,3510
573,3557
574,3560
574,3511
574,3512
574,3552
574,3551
574,3538
575,3529
575,3548
575,3523
575,3554
575,3527
575,3543
576,3561
576,3537
576,3517
576,3525
576,3518
576,3542
577,3522
577,3531
577,3526
577,3559
577,3528
577,3541
578,3532
578,3563
578,3544
578,3513
578,3562
578,3524
579,3547
579,3540
579,3553
579,3539
579,3555
579,3519
580,3515
580,3564
580,3556
580,3536
580,3514
581,3521
581,3558
581,3549
581,3520
581,3566
581,3508
582,3550
582,3534
582,3516
582,3533
582,3535
582,3545
583,3573
583,3622
583,3608
583,3572
583,3571
583,3630
583,3568
584,3588
584,3594
584,3587
584,3604
584,3603
584,3593
585,3625
585,3615
585,3569
585,3595
585,3614
585,3601
586,3624
586,3589
586,3596
586,3627
586,3623
586,3621
587,3581
587,3576
587,3575
587,3634
587,3629
587,3635
588,3617
588,3578
588,3626
588,3616
588,3592
588,3612
589,3613
589,3574
589,3597
589,3609
589,3591
589,3598
590,3579
590,3584
590,3600
590,3606
590,3618
590,3632
591,3602
591,3610
591,3611
591,3599
591,3607
591,3590
592,3580
592,3628
592,3582
592,3570
592,3620
592,3619
593,3586
593,3583
593,3577
593,3631
593,3633
593,3585
593,3605
594,3682
594,3665
594,3653
594,3675
594,3687
594,3660
594,3646
595,3650
595,3683
595,3649
595,3652
595,3662
595,3643
596,3679
596,3678
596,3656
596,3685
596,3641
596,3654
596,3668
597,3681
597,3647
597,3657
597,3669
597,3658
597,3673
598,3677
598,3640
598,3663
598,3642
598,3644
598,3686
599,3648
599,3667
599,3680
599,3661
599,3671
599,3666
599,3638
600,3637
600,3645
600,3659
600,3651
600,3670
600,3672
601,3674
601,3664
601,3639
601,3655
601,3684
601,3676
602,3746
602,3754
602,3707
602,3744
602,3756
602,3709
603,3734
603,3700
603,3710
603,3698
603,3718
603,3699
604,3696
604,3692
604,3749
604,3722
604,3743
604,3689
605,3737
605,3753
605,3731
605,3726
605,3740
605,3714
606,3724
606,3711
606,3759
606,3730
606,3751
606,3720
607,3752
607,3750
607,3747
607,3704
607,3694
608,3757
608,3721
608,3733
608,3727
608,3738
608,3690
609,3735
609,3748
609,3742
609,3716
609,3736
609,3745
610,3713
610,3695
610,3715
610,3702
610,3708
610,3741
611,3697
611,3712
611,3719
611,3728
611,3755
611,3729
612,3723
612,3705
612,3717
612,3739
612,3706
612,3691
613,3701
613,3732
613,3758
613,3703
613,3725
613,3693
614,3793
614,3775
614,3773
614,3767
614,3791
614,3778
615,3764
615,3788
615,3771
615,3786
615,3784
615,3769
616,3763
616,3789
616,3762
616,3787
616,3768
616,3777
617,3772
617,3785
617,3794
617,3780
617,3766
617,3765
618,3761
618,3796
618,3783
618,3781
618,3776
618,3779
619,3790
619,3770
619,3782
619,3792
619,3774
619,3795
620,3805
620,3832
620,3808
620,3816
620,3833
620,3819
621,3826
621,3809
621,3836
621,3821
621,3806
621,3841
622,3807
622,3800
622,3830
622,3837
622,3838
622,3814
623,3798
623,3835
623,3820
623,3810
623,3827
623,3834
623,3822
624,3801
624,3803
624,3799
624,3840
624,3825
624,3813
625,3804
625,3831
625,3839
625,3829
625,3823
625,3812
625,3817
626,3818
626,3828
626,3815
626,3802
626,3811
626,3824
627,3852
627,3859
627,3865
627,3844
627,3861
627,3876
628,3869
628,3843
628,3875
628,3867
628,3845
629,3873
629,3862
629,3848
629,3851
629,3846
629,3870
630,3868
630,3874
630,3866
630,3863
630,3850
631,3872
631,3849
631,3854
631,3864
631,3853
631,3858
632,3856
632,3871
632,3855
632,3847
632,3860
632,3857
633,3885
633,3894
633,3890
633,3924
633,3929
633,3918
634,3927
634,3892
634,3914
634,3881
634,3896
634,3878
635,3891
635,3919
635,3882
635,3928
635,3893
635,3909
636,3899
636,3900
636,3922
636,3908
636,3925
636,3886
637,3920
637,3910
637,3884
637,3907
637,3883
637,3880
638,3901
638,3897
638,3887
638,3926
638,3932
638,3915
639,3904
639,3913
639,3921
639,3912
639,3930
639,3895
639,3879
640,3898
640,3903
640,3917
640,3888
640,3889
640,3923
641,3906
641,3905
641,3931
641,3911
641,3916
641,3902
642,3971
642,3950
642,3936
642,3959
642,3956
642,3946
643,3962
643,3975
643,3948
643,3949
643,3939
643,3981
644,3972
644,3970
644,3941
644,3974
644,3957
644,3934
645,3953
645,3943
645,3952
645,3954
645,3961
645,3937
646,3967
646,3966
646,3968
646,3940
646,3977
646,3951
647,3938
647,3935
647,3944
647,3980
647,3978
647,3964
648,3973
648,3955
648,3979
648,3958
648,3965
648,3942
649,3976
649,3945
649,3969
649,3960
649,3963
649,3947
650,3997
650,4011
650,4024
650,4029
650,3984
650,4013
651,4002
651,3999
651,4031
651,3998
651,3993
651,3994
652,3996
652,4007
652,3983
652,4008
652,3985
652,4018
652,4014
653,4026
653,4009
653,3991
653,4020
653,4001
653,4017
654,3990
654,4032
654,4016
654,3992
654,3986
654,4005
655,4003
655,4004
655,4015
655,4021
655,4030
655,3987
656,4012
656,4023
656,4028
656,3988
656,4000
656,4010
657,3989
657,4006
657,3995
657,4027
657,4019
657,4025
657,4022
658,4078
658,4050
658,4053
658,4061
658,4083
658,4085
659,4040
659,4090
659,4055
659,4052
659,4057
659,4036
660,4071
660,4091
660,4045
660,4041
660,4047
661,4037
661,4059
661,4054
661,4084
661,4087
662,4056
662,4042
662,4035
662,4039
662,4088
662,4060
663,4063
663,4065
663,4081
663,4034
663,4076
663,4046
664,4069
664,4048
664,4051
664,4062
664,4075
664,4068
665,4070
665,4043
665,4082
665,4080
665,4066
665,4089
666,4049
666,4073
666,4067
666,4086
666,4064
666,4072
667,4038
667,4077
667,4044
667,4074
667,4079
667,4058
668,4123
668,4099
668,4131
668,4113
668,4110
668,4139
669,4122
669,4156
669,4162
669,4098
669,4150
669,4102
670,4129
670,4155
670,4126
670,4095
670,4132
670,4100
670,4142
671,4157
671,4118
671,4164
671,4096
671,4114
671,4136
672,4160
672,4101
672,4145
672,4147
672,4109
672,4159
673,4093
673,4152
673,4153
673,4146
673,4097
673,4130
674,4128
674,4112
674,4144
674,4163
674,4107
674,4158
675,4143
675,4124
675,4094
675,4149
675,4140
675,4133
675,4151
676,4148
676,4135
676,4154
676,4116
676,4166
676,4127
677,4119
677,4120
677,4108
677,4137
677,4161
677,4103
678,4125
678,4106
678,4121
678,4111
678,4165
678,4141
679,4117
679,4138
679,4134
679,4115
679,4104
679,4105
680,4244
680,4196
680,4213
680,4241
680,4228
680,4195
681,4233
681,4174
681,4171
681,4236
681,4180
681,4204
682,4181
682,4217
682,4191
682,4178
682,4172
682,4235
683,4183
683,4223
683,4170
683,4193
683,4207
683,4222
684,4232
684,4219
684,4238
684,4187
684,4231
684,4225
685,4224
685,4215
685,4229
685,4197
685,4184
685,4243
686,4189
686,4176
686,4182
686,4237
686,4216
686,4214
686,4194
687,4192
687,4245
687,4246
687,4218
687,4242
687,4234
688,4177
688,4199
688,4209
688,4203
688,4185
688,4169
689,4211
689,4205
689,4186
689,4226
689,4179
689,4208
690,4202
690,4201
690,4239
690,4198
690,4175
690,4188
691,4221
691,4240
691,4212
691,4206
691,4168
691,4210
692,4173
692,4230
692,4190
692,4220
692,4227
692,4200
693,4263
693,4283
693,4280
693,4278
693,4264
693,4256
694,4293
694,4250
694,4267
694,4270
694,4284
694,4271
695,4277
695,4285
695,4282
695,4288
695,4279
696,4266
696,4287
696,4276
696,4255
696,4273
696,4290
697,4259
697,4252
697,4291
697,4265
697,4261
697,4251
698,4258
698,4286
698,4262
698,4289
698,4248
699,4272
699,4274
699,4254
699,4249
699,4260
699,4257
700,4269
700,4281
700,4275
700,4268
700,4292
700,4253
701,4312
701,4323
701,4301
701,4300
701,4303
701,4319
702,4304
702,4302
702,4299
702,4325
702,4314
702,4309
703,4317
703,4311
703,4297
703,4308
703,4322
703,4316
704,4296
704,4313
704,4324
704,4321
704,4320
704,4315
704,4305
705,4298
705,4306
705,4310
705,4307
705,4295
705,4318
706,4388
706,4352
706,4364
706,4331
706,4360
706,4371
707,4332
707,4337
707,4363
707,4392
707,4349
707,4376
708,4361
708,4340
708,4350
708,4333
708,4335
708,4393
709,4368
709,4347
709,4345
709,4387
709,4373
709,4369
710,4341
710,4365
710,4348
710,4374
710,4384
710,4389
711,4390
711,4329
711,4383
711,4336
711,4394
712,4359
712,4362
712,4377
712,4375
712,4338
712,4372
713,4367
713,4330
713,4346
713,4355
713,4395
714,4378
714,4351
714,4343
714,4354
714,4370
715,4386
715,4357
715,4327
715,4353
715,4379
715,4356
716,4339
716,4358
716,4382
716,4334
716,4366
716,4391
717,4344
717,4342
717,4381
717,4328
717,4380
717,4385
718,4398
718,4450
718,4430
718,4445
718,4411
718,4415
719,4457
719,4451
719,4464
719,4412
719,4440
719,4427
720,4449
720,4462
720,4456
720,4400
720,4443
720,4444
721,4432
721,4417
721,4421
721,4453
721,4405
721,4458
722,4460
722,4423
722,4433
722,4455
722,4422
722,4419
723,4431
723,4397
723,4401
723,4409
723,4407
723,4428
724,4408
724,4434
724,4402
724,4446
724,4406
725,4399
725,4413
725,4438
725,4465
725,4452
726,4442
726,4420
726,4454
726,4441
726,4429
726,4436
727,4437
727,4410
727,4404
727,4425
727,4403
727,4448
728,4424
728,4459
728,4435
728,4416
728,4439
729,4463
729,4414
729,4447
729,4461
729,4418
729,4426
730,4492
730,4478
730,4512
730,4482
730,4500
730,4499
731,4491
731,4518
731,4475
731,4476
731,4523
732,4507
732,4474
732,4508
732,4480
732,4497
732,4501
733,4485
733,4509
733,4472
733,4503
733,4479
733,4519
734,4483
734,4504
734,4502
734,4484
734,4516
735,4494
735,4477
735,4522
735,4481
735,4467
735,4490
736,4521
736,4496
736,4470
736,4510
736,4489
736,4498
737,4488
737,4486
737,4517
737,4473
737,4514
737,4487
738,4468
738,4493
738,4471
738,4511
738,4520
738,4513
739,4469
739,4506
739,4515
739,4505
739,4495
740,4533
740,4547
740,4563
740,4565
740,4537
740,4528
741,4544
741,4551
741,4555
741,4550
741,4543
741,4559
742,4545
742,4562
742,4525
742,4549
742,4532
742,4541
743,4542
743,4554
743,4546
743,4535
743,4531
743,4539
744,4558
744,4553
744,4548
744,4536
744,4526
744,4556
745,4552
745,4534
745,4561
745,4560
745,4567
745,4540
745,4564
746,4557
746,4530
746,4538
746,4566
746,4529
746,4527
747,4594
747,4611
747,4618
747,4603
747,4617
747,4627
748,4620
748,4581
748,4621
748,4626
748,4629
748,4631
749,4634
749,4646
749,4623
749,4601
749,4612
749,4624
750,4589
750,4604
750,4572
750,4585
750,4600
750,4592
751,4571
751,4645
751,4584
751,4622
751,4637
751,4610
752,4580
752,4643
752,4599
752,4598
752,4633
752,4606
753,4619
753,4616
753,4632
753,4590
753,4647
753,4625
754,4588
754,4635
754,4583
754,4630
754,4628
754,4579
755,4582
755,4570
755,4574
755,4578
755,4641
755,4608
756,4576
756,4586
756,4593
756,4602
756,4573
756,4638
756,4597
757,4613
757,4607
757,4575
757,4587
757,4639
757,4596
758,4615
758,4636
758,4591
758,4642
758,4605
758,4644
759,4614
759,4595
759,4569
759,4609
759,4640
759,4577
760,4667
760,4669
760,4651
760,4663
760,4673
760,4659
761,4680
761,4661
761,4672
761,4677
761,4668
762,4675
762,4666
762,4660
762,4681
762,4658
763,4654
763,4664
763,4653
763,4649
763,4665
764,4671
764,4650
764,4670
764,4679
764,4657
764,4662
765,4656
765,4674
765,4678
765,4652
765,4655
765,4676
766,4697
766,4684
766,4687
766,4731
766,4707
766,4717
767,4710
767,4683
767,4739
767,4742
767,4727
767,4709
768,4716
768,4706
768,4704
768,4740
768,4736
768,4725
769,4703
769,4686
769,4696
769,4724
769,4699
769,4749
770,4732
770,4718
770,4744
770,4722
770,4693
771,4695
771,4738
771,4750
771,4748
771,4691
772,4713
772,4715
772,4698
772,4685
772,4751
772,4729
773,4741
773,4708
773,4702
773,4746
773,4719
774,4728
774,4689
774,4743
774,4745
774,4714
774,4705
775,4734
775,4688
775,4712
775,4726
775,4700
775,4747
776,4701
776,4733
776,4735
776,4711
776,4730
776,4737
777,4690
777,4694
777,4723
777,4720
777,4721
777,4692
778,4759
778,4753
778,4758
778,4789
778,4760
778,4770
779,4755
779,4763
779,4775
779,4769
779,4767
779,4773
779,4757
780,4781
780,4778
780,4764
780,4774
780,4771
780,4765
781,4756
781,4787
781,4766
781,4768
781,4786
781,4776
782,4777
782,4762
782,4788
782,4761
782,4754
782,4785
783,4782
783,4772
783,4780
783,4784
783,4779
783,4783
784,4810
784,4814
784,4816
784,4849
784,4826
784,4839
785,4838
785,4828
785,4812
785,4795
785,4843
785,4833
786,4806
786,4798
786,4850
786,4846
786,4832
786,4807
787,4815
787,4837
787,4813
787,4827
787,4800
787,4820
788,4842
788,4848
788,4802
788,4824
788,4818
788,4841
789,4821
789,4794
789,4840
789,4823
789,4793
789,4831
790,4830
790,4799
790,4834
790,4822
790,4845
790,4791
791,4809
791,4797
791,4796
791,4792
791,4836
791,4817
792,4819
792,4847
792,4835
792,4808
792,4811
792,4825
793,4829
793,4804
793,4803
793,4801
793,4805
793,4844
794,4878
794,4893
794,4880
794,4860
794,4875
794,4864
795,4859
795,4888
795,4869
795,4890
795,4858
795,4855
796,4877
796,4879
796,4891
796,4862
796,4854
796,4857
797,4881
797,4889
797,4873
797,4868
797,4887
797,4867
798,4863
798,4870
798,4874
798,4884
798,4886
798,4872
799,4865
799,4882
799,4883
799,4876
799,4871
799,4866
800,4892
800,4885
800,4856
800,4853
800,4861
800,4852
801,4944
801,4968
801,4922
801,4962
801,4912
801,4951
801,4915
802,4927
802,4953
802,4933
802,4937
802,4928
802,4948
803,4896
803,4897
803,4966
803,4901
803,4908
803,4929
804,4907
804,4906
804,4952
804,4959
804,4961
804,4898
805,4964
805,4918
805,4958
805,4930
805,4911
805,4936
805,4947
806,4957
806,4946
806,4924
806,4939
806,4938
806,4949
807,4967
807,4902
807,4960
807,4950
807,4925
807,4910
808,4954
808,4899
808,4921
808,4956
808,4963
808,4895
809,4905
809,4945
809,4904
809,4914
809,4923
809,4955
810,4900
810,4931
810,4919
810,4940
810,4935
810,4917
810,4941
811,4932
811,4903
811,4934
811,4942
811,4943
811,4969
812,4913
812,4926
812,4965
812,4909
812,4920
812,4916
813,4994
813,5010
813,4975
813,4985
813,5003
814,4993
814,4979
814,4988
814,5007
814,4992
814,4974
815,5001
815,4991
815,4997
815,5004
815,5008
815,4981
816,4987
816,4983
816,5000
816,4996
816,4998
816,4972
817,4995
817,4989
817,4978
817,5009
817,4986
817,4984
818,4982
818,4977
818,4976
818,4990
818,5011
818,4980
819,4971
819,4973
819,5006
819,4999
819,5005
819,5002
820,5032
820,5024
820,5041
820,5050
820,5059
820,5026
821,5058
821,5018
821,5023
821,5063
821,5057
821,5016
822,5017
822,5022
822,5034
822,5031
822,5055
822,5056
823,5047
823,5030
823,5038
823,5020
823,5028
823,5025
824,5036
824,5037
824,5054
824,5042
824,5066
824,5019
825,5013
825,5039
825,5033
825,5045
825,5015
825,5048
826,5052
826,5061
826,5049
826,5014
826,5029
826,5027
827,5065
827,5064
827,5051
827,5043
827,5035
827,5053
828,5040
828,5062
828,5060
828,5046
828,5044
828,5021
829,5071
829,5090
829,5095
829,5106
829,5078
829,5125
830,5088
830,5111
830,5108
830,5115
830,5101
830,5099
830,5098
831,5117
831,5104
831,5072
831,5075
831,5070
831,5132
832,5085
832,5107
832,5121
832,5109
832,5092
832,5124
833,5080
833,5077
833,5069
833,5074
833,5113
833,5087
834,5102
834,5100
834,5120
834,5091
834,5130
834,5135
835,5116
835,5134
835,5118
835,5119
835,5083
835,5093
836,5123
836,5114
836,5129
836,5079
836,5110
836,5103
837,5131
837,5097
837,5089
837,5112
837,5128
837,5081
837,5076
838,5073
838,5084
838,5126
838,5068
838,5082
838,5122
839,5094
839,5127
839,5105
839,5096
839,5086
839,5133
840,5155
840,5176
840,5171
840,5201
840,5167
840,5184
841,5166
841,5183
841,5198
841,5193
841,5139
841,5173
842,5141
842,5159
842,5172
842,5162
842,5156
843,5187
843,5150
843,5170
843,5154
843,5199
844,5175
844,5181
844,5161
844,5190
844,5189
844,5200
845,5163
845,5158
845,5196
845,5192
845,5144
845,5197
846,5174
846,5182
846,5180
846,5165
846,5153
846,5194
847,5140
847,5137
847,5143
847,5142
847,5188
848,5138
848,5191
848,5160
848,5145
848,5168
848,5178
849,5195
849,5149
849,5202
849,5152
849,5203
849,5148
850,5185
850,5164
850,5177
850,5186
850,5146
850,5157
851,5179
851,5205
851,5204
851,5169
851,5151
851,5147
852,5241
852,5248
852,5230
852,5253
852,5279
852,5213
853,5242
853,5221
853,5268
853,5235
853,5212
853,5220
854,5225
854,5260
854,5264
854,5236
854,5219
854,5208
855,5272
855,5261
855,5250
855,5207
855,5211
855,5238
856,5282
856,5232
856,5217
856,5274
856,5275
856,5257
856,5276
857,5284
857,5228
857,5273
857,5239
857,5224
857,5259
858,5246
858,5283
858,5271
858,5231
858,5234
858,5247
859,5240
859,5209
859,5267
859,5233
859,5227
859,5263
860,5270
860,5265
860,5254
860,5218
860,5244
860,5222
861,5237
861,5266
861,5285
861,5256
861,5245
861,5215
862,5216
862,5243
862,5223
862,5214
862,5252
862,5249
863,5210
863,5251
863,5229
863,5262
863,5280
863,5255
864,5269
864,5277
864,5281
864,5226
864,5258
864,5278
865,5292
865,5311
865,5307
865,5294
865,5300
865,5328
866,5298
866,5318
866,5327
866,5289
866,5316
866,5324
867,5317
867,5320
867,5303
867,5297
867,5312
867,5322
868,5319
868,5299
868,5305
868,5332
868,5315
868,5335
869,5291
869,5287
869,5313
869,5304
869,5333
869,5302
870,5325
870,5321
870,5310
870,5295
870,5323
870,5296
871,5309
871,5331
871,5308
871,5290
871,5314
871,5301
872,5330
872,5306
872,5334
872,5326
872,5329
872,5288
872,5293
873,5359
873,5360
873,5339
873,5342
873,5363
873,5354
874,5364
874,5355
874,5347
874,5348
874,5361
874,5349
875,5350
875,5358
875,5362
875,5352
875,5356
875,5346
876,5338
876,5337
876,5351
876,5353
876,5366
876,5344
877,5343
877,5345
877,5340
877,5365
877,5341
877,5357
878,5427
878,5418
878,5414
878,5403
878,5426
878,5389
879,5399
879,5395
879,5392
879,5388
879,5413
879,5371
880,5429
880,5428
880,5406
880,5382
880,5420
880,5378
880,5412
881,5425
881,5385
881,5416
881,5375
881,5380
881,5398
882,5376
882,5410
882,5401
882,5421
882,5423
882,5387
883,5368
883,5377
883,5407
883,5386
883,5384
883,5409
884,5373
884,5422
884,5419
884,5381
884,5405
884,5374
885,5400
885,5391
885,5408
885,5430
885,5393
885,5411
886,5397
886,5370
886,5383
886,5369
886,5402
886,5415
886,5396
887,5417
887,5372
887,5390
887,5404
887,5424
887,5394
887,5379
888,5448
888,5449
888,5472
888,5439
888,5497
888,5440
889,5495
889,5473
889,5436
889,5476
889,5463
889,5484
890,5444
890,5469
890,5490
890,5465
890,5482
890,5457
891,5486
891,5453
891,5496
891,5447
891,5488
891,5458
892,5451
892,5492
892,5471
892,5483
892,5432
892,5487
893,5466
893,5498
893,5455
893,5456
893,5478
893,5470
893,5445
894,5459
894,5434
894,5452
894,5462
894,5491
894,5450
895,5454
895,5438
895,5485
895,5441
895,5477
895,5433
896,5480
896,5479
896,5442
896,5489
896,5460
896,5475
897,5435
897,5467
897,5464
897,5468
897,5474
897,5461
898,5437
898,5494
898,5493
898,5443
898,5446
898,5481
899,5510
899,5503
899,5526
899,5517
899,5512
899,5520
900,5531
900,5514
900,5504
900,5511
900,5530
901,5508
901,5502
901,5529
901,5519
901,5500
902,5525
902,5522
902,5507
902,5506
902,5518
902,5527
903,5509
903,5523
903,5524
903,5515
903,5501
903,5532
904,5505
904,5528
904,5516
904,5521
904,5513
905,5560
905,5587
905,5561
905,5551
905,5540
906,5556
906,5543
906,5583
906,5586
906,5558
906,5549
907,5546
907,5550
907,5552
907,5572
907,5559
908,5564
908,5582
908,5588
908,5570
908,5539
908,5534
909,5555
909,5579
909,5576
909,5566
909,5568
909,5581
910,5536
910,5537
910,5573
910,5547
910,5562
910,5541
911,5577
911,5584
911,5544
911,5567
911,5565
911,5580
912,5589
912,5554
912,5538
912,5569
912,5553
913,5542
913,5574
913,5585
913,5548
913,5535
913,5545
914,5571
914,5590
914,5563
914,5575
914,5557
914,5578
915,5629
915,5604
915,5607
915,5625
915,5616
915,5599
915,5600
916,5593
916,5601
916,5621
916,5623
916,5603
916,5622
917,5628
917,5598
917,5594
917,5610
917,5614
917,5620
918,5627
918,5615
918,5612
918,5617
918,5597
918,5626
919,5613
919,5611
919,5605
919,5596
919,5609
919,5606
920,5592
920,5595
920,5618
920,5619
920,5602
920,5608
920,5624
921,5649
921,5648
921,5642
921,5644
921,5672
921,5647
921,5652
922,5656
922,5664
922,5665
922,5646
922,5671
922,5651
923,5655
923,5637
923,5634
923,5631
923,5666
923,5639
924,5657
924,5654
924,5673
924,5633
924,5670
924,5667
925,5653
925,5669
925,5640
925,5643
925,5632
925,5645
926,5650
926,5674
926,5662
926,5659
926,5668
926,5658
927,5635
927,5663
927,5660
927,5661
927,5641
927,5636
927,5638
928,5680
928,5711
928,5693
928,5717
928,5684
928,5696
929,5715
929,5707
929,5676
929,5702
929,5686
929,5705
929,5703
930,5698
930,5714
930,5677
930,5699
930,5710
930,5708
931,5688
931,5713
931,5695
931,5681
931,5685
931,5692
932,5679
932,5709
932,5678
932,5687
932,5700
932,5701
933,5706
933,5691
933,5683
933,5690
933,5716
933,5718
934,5712
934,5694
934,5689
934,5697
934,5682
934,5704
935,5764
935,5769
935,5745
935,5779
935,5740
935,5773
936,5725
936,5720
936,5726
936,5757
936,5761
936,5776
937,5782
937,5728
937,5766
937,5733
937,5778
937,5735
938,5724
938,5783
938,5767
938,5723
938,5746
938,5722
939,5749
939,5742
939,5768
939,5765
939,5731
939,5785
940,5744
940,5727
940,5737
940,5756
940,5771
940,5732
940,5750
941,5729
941,5772
941,5758
941,5777
941,5739
941,5755
942,5774
942,5753
942,5784
942,5730
942,5738
942,5775
943,5759
943,5786
943,5763
943,5741
943,5743
943,5760
944,5734
944,5781
944,5754
944,5770
944,5748
944,5721
945,5736
945,5747
945,5752
945,5751
945,5762
945,5780
946,5817
946,5812
946,5813
946,5793
946,5798
946,5814
947,5804
947,5807
947,5819
947,5794
947,5801
947,5802
948,5809
948,5820
948,5822
948,5823
948,5816
948,5815
949,5800
949,5803
949,5795
949,5797
949,5791
949,5808
950,5796
950,5792
950,5810
950,5818
950,5806
950,5788
951,5799
951,5790
951,5811
951,5789
951,5821
951,5805
952,5864
952,5872
952,5865
952,5826
952,5881
953,5832
953,5844
953,5886
953,5875
953,5883
953,5877
954,5856
954,5869
954,5836
954,5861
954,5891
954,5857
955,5831
955,5860
955,5892
955,5851
955,5845
955,5882
956,5833
956,5867
956,5837
956,5827
956,5870
956,5841
957,5848
957,5849
957,5842
957,5876
957,5873
957,5858
958,5885
958,5863
958,5834
958,5830
958,5825
958,5853
959,5871
959,5862
959,5838
959,5846
959,5884
960,5843
960,5874
960,5880
960,5878
960,5889
961,5879
961,5852
961,5887
961,5888
961,5835
961,5840
962,5866
962,5828
962,5847
962,5854
962,5850
962,5868
963,5893
963,5839
963,5859
963,5855
963,5829
963,5890
964,5924
964,5930
964,5923
964,5937
964,5902
964,5941
965,5936
965,5901
965,5948
965,5926
965,5920
965,5897
966,5918
966,5951
966,5909
966,5910
966,5949
966,5916
966,5935
967,5943
967,5903
967,5917
967,5934
967,5913
967,5908
968,5932
968,5922
968,5929
968,5947
968,5950
968,5940
969,5921
969,5931
969,5946
969,5912
969,5954
969,5927
970,5900
970,5942
970,5911
970,5925
970,5939
970,5905
971,5953
971,5899
971,5914
971,5945
971,5944
971,5952
972,5928
972,5938
972,5907
972,5906
972,5895
972,5915
973,5896
973,5933
973,5898
973,5919
973,5904
973,5955
974,6021
974,5962
974,5982
974,6023
974,5988
974,5967
974,6014
975,5964
975,5974
975,6010
975,6008
975,5985
975,5984
976,5958
976,5963
976,5991
976,5972
976,5995
976,6016
977,5978
977,5998
977,6018
977,5993
977,6002
977,6015
978,5996
978,6017
978,6011
978,5969
978,5977
978,5999
979,5980
979,6005
979,6000
979,5983
979,6022
979,5968
980,6020
980,5997
980,5981
980,5965
980,6004
980,6013
981,6019
981,5990
981,5957
981,5971
981,5961
981,6009
982,5994
982,5960
982,6012
982,6001
982,5970
982,5979
983,5975
983,6007
983,5959
983,5973
983,6003
983,5986
984,6006
984,5992
984,5966
984,5989
984,5976
984,5987
985,6082
985,6067
985,6046
985,6025
985,6080
985,6045
986,6050
986,6088
986,6070
986,6027
986,6087
986,6064
987,6052
987,6074
987,6034
987,6065
987,6026
987,6083
988,6041
988,6066
988,6044
988,6057
988,6071
988,6063
989,6029
989,6085
989,6056
989,6030
989,6073
990,6053
990,6049
990,6051
990,6055
990,6079
990,6037
991,6084
991,6048
991,6081
991,6028
991,6042
991,6058
992,6040
992,6059
992,6072
992,6031
992,6076
992,6078
993,6061
993,6043
993,6032
993,6068
993,6038
994,6054
994,6060
994,6033
994,6077
994,6039
994,6069
995,6086
995,6035
995,6075
995,6036
995,6062
995,6047
996,6091
996,6126
996,6127
996,6119
996,6103
997,6090
997,6128
997,6125
997,6113
997,6108
998,6121
998,6114
998,6129
998,6106
998,6100
998,6120
999,6102
999,6124
999,6110
999,6098
999,6105
999,6094
1000,6101
1000,6112
1000,6115
1000,6123
1000,6096
1000,6097
1001,6107
1001,6104
1001,6093
1001,6109
1001,6118
1001,6117
1002,6099
1002,6095
1002,6111
1002,6116
1002,6092
1002,6122
1003,6166
1003,6137
1003,6151
1003,6159
1003,6169
1003,6157
1003,6172
1004,6145
1004,6141
1004,6161
1004,6153
1004,6152
1004,6138
1005,6144
1005,6146
1005,6135
1005,6148
1005,6167
1005,6147
1006,6149
1006,6134
1006,6156
1006,6131
1006,6170
1006,6133
1007,6163
1007,6155
1007,6136
1007,6132
1007,6143
1007,6150
1008,6142
1008,6162
1008,6160
1008,6173
1008,6168
1008,6165
1009,6139
1009,6140
1009,6158
1009,6164
1009,6171
1009,6154
1010,6201
1010,6187
1010,6208
1010,6196
1010,6184
1010,6194
1011,6197
1011,6183
1011,6180
1011,6199
1011,6178
1011,6190
1012,6181
1012,6177
1012,6206
1012,6209
1012,6189
1012,6186
1013,6198
1013,6175
1013,6185
1013,6205
1013,6179
1013,6207
1014,6195
1014,6193
1014,6202
1014,6203
1014,6191
1014,6182
1015,6176
1015,6188
1015,6210
1015,6204
1015,6200
1015,6192
1016,6224
1016,6219
1016,6268
1016,6215
1016,6223
1016,6259
1017,6220
1017,6221
1017,6232
1017,6261
1017,6212
1017,6256
1018,6248
1018,6266
1018,6269
1018,6228
1018,6264
1018,6250
1019,6258
1019,6222
1019,6229
1019,6235
1019,6241
1019,6247
1020,6244
1020,6214
1020,6234
1020,6213
1020,6239
1020,6255
1021,6265
1021,6267
1021,6243
1021,6252
1021,6217
1021,6245
1022,6218
1022,6260
1022,6230
1022,6231
1022,6253
1022,6233
1023,6237
1023,6227
1023,6262
1023,6251
1023,6236
1023,6238
1024,6226
1024,6225
1024,6263
1024,6257
1024,6240
1025,6216
1025,6246
1025,6254
1025,6242
1025,6249
1026,6276
1026,6315
1026,6274
1026,6314
1026,6288
1026,6297
1027,6301
1027,6294
1027,6286
1027,6279
1027,6285
1027,6302
1028,6310
1028,6280
1028,6273
1028,6272
1028,6299
1028,6316
1029,6292
1029,6289
1029,6283
1029,6296
1029,6290
1029,6317
1030,6282
1030,6278
1030,6271
1030,6281
1030,6287
1031,6306
1031,6275
1031,6291
1031,6304
1031,6309
1031,6307
1032,6311
1032,6313
1032,6293
1032,6298
1032,6312
1032,6300
1033,6277
1033,6295
1033,6284
1033,6308
1033,6303
1033,6305
1034,6343
1034,6366
1034,6390
1034,6352
1034,6357
1034,6321
1035,6379
1035,6330
1035,6361
1035,6370
1035,6385
1035,6333
1036,6341
1036,6337
1036,6331
1036,6362
1036,6334
1036,6374
1037,6323
1037,6372
1037,6368
1037,6376
1037,6347
1037,6363
1038,6325
1038,6328
1038,6391
1038,6360
1038,6378
1038,6319
1039,6371
1039,6324
1039,6387
1039,6377
1039,6339
1039,6336
1040,6335
1040,6327
1040,6358
1040,6348
1040,6355
1040,6338
1041,6359
1041,6349
1041,6344
1041,6384
1041,6356
1041,6322
1042,6346
1042,6365
1042,6332
1042,6329
1042,6353
1042,6386
1043,6320
1043,6367
1043,6380
1043,6389
1043,6369
1043,6326
1044,6388
1044,6381
1044,6373
1044,6383
1044,6364
1044,6340
1045,6350
1045,6342
1045,6382
1045,6354
1045,6351
1045,6375
1045,6345
1046,6414
1046,6398
1046,6405
1046,6402
1046,6413
1046,6424
1047,6404
1047,6419
1047,6427
1047,6395
1047,6415
1047,6430
1048,6409
1048,6429
1048,6410
1048,6397
1048,6400
1048,6416
1048,6406
1049,6421
1049,6408
1049,6417
1049,6423
1049,6403
1049,6428
1050,6425
1050,6420
1050,6394
1050,6396
1050,6422
1050,6418
1051,6401
1051,6393
1051,6412
1051,6407
1051,6411
1051,6426
1051,6399
1052,6460
1052,6476
1052,6492
1052,6436
1052,6446
1052,6488
1053,6503
1053,6475
1053,6442
1053,6434
1053,6501
1053,6498
1054,6453
1054,6466
1054,6490
1054,6469
1054,6467
1054,6454
1055,6495
1055,6493
1055,6504
1055,6509
1055,6440
1055,6481
1056,6452
1056,6432
1056,6483
1056,6508
1056,6480
1056,6433
1057,6465
1057,6482
1057,6487
1057,6486
1057,6443
1057,6489
1058,6456
1058,6507
1058,6459
1058,6497
1058,6457
1058,6477
1059,6484
1059,6463
1059,6502
1059,6468
1059,6473
1059,6448
1060,6438
1060,6471
1060,6450
1060,6437
1060,6461
1060,6474
1061,6439
1061,6464
1061,6447
1061,6478
1061,6462
1061,6496
1062,6472
1062,6491
1062,6506
1062,6500
1062,6470
1062,6494
1063,6444
1063,6435
1063,6499
1063,6449
1063,6455
1063,6441
1064,6451
1064,6479
1064,6505
1064,6445
1064,6485
1064,6458
1065,6523
1065,6575
1065,6533
1065,6551
1065,6529
1065,6548
1066,6574
1066,6541
1066,6518
1066,6549
1066,6578
1066,6570
1067,6565
1067,6515
1067,6528
1067,6512
1067,6535
1067,6555
1068,6553
1068,6520
1068,6571
1068,6543
1068,6550
1069,6521
1069,6564
1069,6554
1069,6552
1069,6560
1069,6544
1070,6511
1070,6566
1070,6538
1070,6576
1070,6534
1070,6542
1071,6563
1071,6572
1071,6532
1071,6540
1071,6530
1072,6579
1072,6524
1072,6568
1072,6562
1072,6556
1073,6514
1073,6516
1073,6537
1073,6567
1073,6522
1073,6539
1074,6527
1074,6547
1074,6545
1074,6577
1074,6546
1074,6573
1075,6517
1075,6526
1075,6558
1075,6531
1075,6519
1075,6557
1076,6525
1076,6513
1076,6569
1076,6561
1076,6559
1076,6536
1077,6639
1077,6614
1077,6599
1077,6610
1077,6611
1077,6606
1078,6605
1078,6590
1078,6583
1078,6601
1078,6608
1078,6588
1079,6623
1079,6620
1079,6627
1079,6602
1079,6619
1079,6631
1080,6625
1080,6617
1080,6593
1080,6635
1080,6596
1080,6641
1081,6636
1081,6615
1081,6585
1081,6589
1081,6597
1081,6628
1082,6613
1082,6607
1082,6621
1082,6591
1082,6609
1082,6640
1083,6629
1083,6618
1083,6632
1083,6612
1083,6594
1083,6637
1083,6638
1084,6634
1084,6604
1084,6587
1084,6581
1084,6630
1084,6624
1085,6586
1085,6626
1085,6633
1085,6595
1085,6616
1085,6584
1086,6622
1086,6603
1086,6582
1086,6592
1086,6600
1086,6598
1087,6655
1087,6683
1087,6651
1087,6652
1087,6677
1087,6646
1087,6650
1088,6649
1088,6647
1088,6670
1088,6685
1088,6666
1088,6667
1089,6643
1089,6689
1089,6675
1089,6676
1089,6660
1089,6648
1090,6680
1090,6682
1090,6653
1090,6669
1090,6661
1090,6668
1091,6678
1091,6656
1091,6665
1091,6659
1091,6674
1091,6690
1092,6664
1092,6673
1092,6658
1092,6657
1092,6645
1092,6691
1093,6671
1093,6681
1093,6693
1093,6644
1093,6679
1093,6684
1093,6686
1094,6688
1094,6662
1094,6687
1094,6654
1094,6663
1094,6672
1094,6692
1095,6744
1095,6759
1095,6720
1095,6756
1095,6700
1095,6740
1095,6708
1096,6707
1096,6734
1096,6760
1096,6738
1096,6696
1096,6721
1097,6732
1097,6717
1097,6733
1097,6702
1097,6728
1097,6748
1098,6743
1098,6729
1098,6698
1098,6747
1098,6709
1098,6754
1099,6737
1099,6713
1099,6704
1099,6758
1099,6757
1099,6753
1100,6695
1100,6705
1100,6741
1100,6745
1100,6718
1100,6723
1101,6701
1101,6726
1101,6750
1101,6699
1101,6746
1101,6719
1102,6711
1102,6736
1102,6731
1102,6742
1102,6703
1102,6712
1103,6710
1103,6751
1103,6727
1103,6755
1103,6752
1103,6761
1104,6724
1104,6725
1104,6749
1104,6697
1104,6706
1104,6735
1105,6730
1105,6722
1105,6739
1105,6715
1105,6714
1105,6716
1106,6786
1106,6764
1106,6804
1106,6810
1106,6770
1106,6807
1107,6805
1107,6795
1107,6785
1107,6779
1107,6788
1108,6773
1108,6768
1108,6792
1108,6784
1108,6774
1108,6778
1109,6797
1109,6814
1109,6772
1109,6787
1109,6793
1109,6777
1110,6776
1110,6794
1110,6796
1110,6812
1110,6780
1110,6765
1111,6790
1111,6800
1111,6766
1111,6811
1111,6803
1111,6782
1112,6781
1112,6813
1112,6809
1112,6769
1112,6802
1113,6783
1113,6763
1113,6808
1113,6791
1113,6771
1113,6789
1114,6806
1114,6798
1114,6799
1114,6767
1114,6801
1114,6775
1115,6817
1115,6824
1115,6830
1115,6855
1115,6826
1115,6837
1116,6848
1116,6835
1116,6841
1116,6851
1116,6842
1116,6850
1117,6834
1117,6838
1117,6829
1117,6836
1117,6819
1117,6822
1118,6823
1118,6827
1118,6846
1118,6831
1118,6821
1118,6839
1119,6854
1119,6825
1119,6847
1119,6853
1119,6833
1120,6832
1120,6852
1120,6843
1120,6844
1120,6849
1120,6818
1121,6840
1121,6845
1121,6820
1121,6816
1121,6828
1122,6895
1122,6902
1122,6894
1122,6907
1122,6867
1122,6883
1123,6879
1123,6900
1123,6871
1123,6880
1123,6857
1123,6904
1124,6860
1124,6897
1124,6861
1124,6896
1124,6873
1124,6870
1125,6881
1125,6868
1125,6890
1125,6885
1125,6886
1125,6899
1126,6864
1126,6859
1126,6874
1126,6875
1126,6882
1127,6878
1127,6901
1127,6892
1127,6862
1127,6858
1127,6905
1128,6872
1128,6903
1128,6908
1128,6877
1128,6889
1128,6869
1129,6906
1129,6866
1129,6884
1129,6865
1129,6863
1129,6876
1130,6888
1130,6893
1130,6891
1130,6898
1130,6887
1131,6930
1131,6914
1131,6924
1131,6946
1131,6944
1131,6920
1132,6942
1132,6929
1132,6922
1132,6931
1132,6916
1132,6936
1132,6947
1133,6941
1133,6911
1133,6935
1133,6938
1133,6915
1133,6925
1134,6945
1134,6932
1134,6919
1134,6918
1134,6940
1134,6921
1134,6934
1135,6933
1135,6913
1135,6917
1135,6927
1135,6939
1135,6937
1135,6923
1136,6926
1136,6943
1136,6948
1136,6928
1136,6912
1136,6910
1137,6968
1137,6953
1137,6972
1137,6978
1137,6962
1137,6979
1137,6986
1138,6960
1138,6965
1138,6974
1138,6976
1138,6967
1138,6952
1139,6964
1139,6973
1139,6955
1139,6956
1139,6985
1139,6982
1140,6980
1140,6987
1140,6977
1140,6961
1140,6958
1140,6970
1141,6950
1141,6984
1141,6951
1141,6971
1141,6988
1141,6983
1141,6954
1142,6975
1142,6966
1142,6957
1142,6959
1142,6963
1142,6981
1142,6969
1143,7021
1143,7034
1143,7050
1143,7027
1143,7007
1143,7043
1144,7005
1144,7025
1144,7038
1144,7053
1144,7019
1144,7016
1145,7045
1145,7018
1145,7030
1145,7044
1145,7012
1145,7042
1146,7052
1146,6997
1146,7036
1146,7058
1146,7054
1146,6990
1147,6996
1147,7028
1147,6993
1147,7049
1147,7023
1147,7060
1148,7011
1148,7022
1148,7040
1148,7035
1148,7031
1148,6991
1149,7059
1149,7048
1149,7008
1149,7055
1149,7020
1149,7015
1150,7051
1150,7010
1150,7032
1150,7024
1150,7029
1150,7039
1151,6994
1151,7006
1151,7009
1151,7056
1151,7037
1151,6998
1152,7000
1152,7033
1152,7047
1152,7001
1152,7057
1152,7014
1153,7003
1153,7041
1153,7026
1153,6992
1153,7004
1154,7002
1154,6999
1154,7046
1154,7013
1154,7017
1154,6995
1155,7104
1155,7088
1155,7079
1155,7121
1155,7122
1155,7071
1156,7085
1156,7076
1156,7093
1156,7103
1156,7100
1156,7082
1156,7102
1157,7118
1157,7096
1157,7094
1157,7065
1157,7069
1157,7086
1158,7070
1158,7064
1158,7111
1158,7089
1158,7081
1158,7117
1159,7075
1159,7067
1159,7113
1159,7077
1159,7063
1159,7084
1160,7119
1160,7110
1160,7116
1160,7091
1160,7095
1160,7073
1161,7099
1161,7120
1161,7108
1161,7072
1161,7107
1161,7106
1162,7062
1162,7068
1162,7092
1162,7112
1162,7097
1162,7105
1163,7114
1163,7101
1163,7090
1163,7109
1163,7080
1163,7078
1163,7115
1164,7066
1164,7087
1164,7123
1164,7074
1164,7098
1164,7083
1165,7131
1165,7150
1165,7179
1165,7175
1165,7160
1165,7183
1166,7176
1166,7174
1166,7185
1166,7137
1166,7151
1166,7152
1167,7154
1167,7128
1167,7193
1167,7164
1167,7168
1167,7146
1168,7158
1168,7127
1168,7190
1168,7159
1168,7153
1168,7143
1169,7141
1169,7142
1169,7180
1169,7166
1169,7182
1170,7155
1170,7157
1170,7165
1170,7161
1170,7134
1170,7138
1171,7140
1171,7177
1171,7156
1171,7172
1171,7145
1171,7192
1172,7178
1172,7162
1172,7171
1172,7181
1172,7167
1172,7169
1173,7148
1173,7133
1173,7189
1173,7186
1173,7188
1174,7132
1174,7144
1174,7139
1174,7129
1174,7194
1174,7126
1175,7147
1175,7130
1175,7125
1175,7149
1175,7187
1175,7184
1176,7170
1176,7173
1176,7136
1176,7191
1176,7163
1176,7135
1177,7238
1177,7211
1177,7204
1177,7213
1177,7241
1177,7219
1178,7239
1178,7232
1178,7222
1178,7205
1178,7203
1178,7231
1178,7229
1179,7218
1179,7199
1179,7225
1179,7202
1179,7214
1179,7200
1180,7208
1180,7253
1180,7236
1180,7228
1180,7217
1180,7212
1181,7244
1181,7235
1181,7249
1181,7246
1181,7248
1181,7206
1182,7207
1182,7215
1182,7250
1182,7198
1182,7223
1182,7196
1183,7226
1183,7224
1183,7251
1183,7247
1183,7227
1183,7256
1184,7209
1184,7234
1184,7201
1184,7197
1184,7242
1184,7210
1185,7220
1185,7252
1185,7230
1185,7255
1185,7240
1185,7216
1186,7245
1186,7243
1186,7237
1186,7221
1186,7254
1186,7233
1187,7274
1187,7304
1187,7301
1187,7283
1187,7260
1187,7277
1188,7261
1188,7263
1188,7293
1188,7314
1188,7275
1188,7296
1189,7290
1189,7311
1189,7302
1189,7295
1189,7291
1189,7316
1190,7278
1190,7300
1190,7289
1190,7297
1190,7285
1190,7310
1191,7286
1191,7262
1191,7319
1191,7306
1191,7273
1191,7270
1192,7288
1192,7281
1192,7279
1192,7315
1192,7276
1192,7280
1193,7272
1193,7271
1193,7292
1193,7258
1193,7305
1193,7265
1193,7264
1194,7282
1194,7284
1194,7299
1194,7287
1194,7313
1194,7298
1195,7266
1195,7267
1195,7312
1195,7259
1195,7307
1195,7318
1196,7294
1196,7268
1196,7308
1196,7303
1196,7309
1196,7317
1196,7269
1197,7324
1197,7339
1197,7347
1197,7321
1197,7332
1197,7345
1198,7336
1198,7330
1198,7333
1198,7327
1198,7340
1198,7326
1199,7342
1199,7328
1199,7329
1199,7350
1199,7323
1199,7346
1200,7325
1200,7331
1200,7343
1200,7349
1200,7335
1200,7344
1201,7337
1201,7338
1201,7348
1201,7334
1201,7322
1201,7341
1202,7407
1202,7395
1202,7387
1202,7401
1202,7370
1202,7386
1203,7414
1203,7384
1203,7410
1203,7358
1203,7406
1204,7402
1204,7417
1204,7353
1204,7400
1204,7361
1205,7412
1205,7375
1205,7420
1205,7398
1205,7411
1205,7354
1206,7356
1206,7385
1206,7396
1206,7423
1206,7369
1206,7399
1207,7388
1207,7403
1207,7397
1207,7419
1207,7393
1207,7425
1208,7362
1208,7374
1208,7424
1208,7390
1208,7373
1208,7391
1209,7357
1209,7383
1209,7371
1209,7421
1209,7379
1209,7364
1210,7352
1210,7404
1210,7422
1210,7368
1210,7409
1210,7389
1211,7408
1211,7381
1211,7355
1211,7427
1211,7415
1211,7376
1212,7377
1212,7382
1212,7365
1212,7394
1212,7418
1212,7360
1213,7367
1213,7372
1213,7405
1213,7426
1213,7392
1213,7413
1214,7380
1214,7416
1214,7363
1214,7359
1214,7366
1214,7378
1215,7432
1215,7481
1215,7452
1215,7455
1215,7478
1215,7493
1216,7454
1216,7456
1216,7471
1216,7443
1216,7433
1216,7484
1217,7467
1217,7440
1217,7435
1217,7488
1217,7470
1217,7431
1218,7475
1218,7434
1218,7463
1218,7436
1218,7476
1218,7482
1219,7491
1219,7486
1219,7462
1219,7446
1219,7461
1219,7458
1220,7451
1220,7442
1220,7494
1220,7465
1220,7437
1220,7495
1221,7466
1221,7490
1221,7472
1221,7489
1221,7483
1221,7492
1222,7480
1222,7457
1222,7449
1222,7453
1222,7479
1222,7477
1223,7438
1223,7439
1223,7487
1223,7473
1223,7430
1223,7445
1224,7474
1224,7450
1224,7441
1224,7429
1224,7468
1224,7485
1224,7459
1225,7444
1225,7460
1225,7469
1225,7448
1225,7447
1225,7464
1226,7546
1226,7562
1226,7556
1226,7519
1226,7516
1226,7502
1226,7523
1227,7552
1227,7522
1227,7558
1227,7551
1227,7564
1227,7517
1228,7527
1228,7505
1228,7561
1228,7534
1228,7537
1228,7550
1229,7545
1229,7524
1229,7509
1229,7538
1229,7511
1229,7559
1230,7515
1230,7544
1230,7542
1230,7525
1230,7560
1230,7499
1231,7532
1231,7498
1231,7530
1231,7506
1231,7536
1231,7541
1232,7528
1232,7529
1232,7497
1232,7547
1232,7557
1232,7504
1233,7500
1233,7563
1233,7510
1233,7507
1233,7548
1233,7501
1234,7549
1234,7520
1234,7554
1234,7555
1234,7512
1234,7521
1235,7540
1235,7508
1235,7514
1235,7533
1235,7518
1235,7535
1235,7543
1236,7526
1236,7513
1236,7553
1236,7531
1236,7503
1236,7539
1237,7601
1237,7570
1237,7611
1237,7584
1237,7615
1237,7617
1238,7588
1238,7595
1238,7578
1238,7613
1238,7590
1238,7592
1239,7609
1239,7606
1239,7581
1239,7619
1239,7574
1239,7612
1240,7571
1240,7573
1240,7576
1240,7593
1240,7575
1240,7585
1241,7599
1241,7618
1241,7579
1241,7596
1241,7568
1241,7583
1242,7582
1242,7603
1242,7600
1242,7607
1242,7587
1242,7572
1243,7602
1243,7598
1243,7608
1243,7586
1243,7591
1243,7569
1244,7604
1244,7567
1244,7597
1244,7614
1244,7616
1244,7610
1245,7589
1245,7580
1245,7577
1245,7605
1245,7594
1245,7566
1246,7665
1246,7632
1246,7644
1246,7664
1246,7638
1246,7659
1247,7663
1247,7623
1247,7649
1247,7630
1247,7671
1247,7640
1248,7636
1248,7625
1248,7628
1248,7672
1248,7634
1248,7643
1249,7657
1249,7647
1249,7670
1249,7662
1249,7666
1249,7622
1250,7667
1250,7637
1250,7626
1250,7661
1250,7669
1250,7645
1251,7646
1251,7642
1251,7660
1251,7675
1251,7673
1251,7654
1251,7658
1252,7621
1252,7674
1252,7651
1252,7627
1252,7633
1252,7656
1253,7652
1253,7641
1253,7624
1253,7631
1253,7648
1253,7635
1253,7655
1254,7668
1254,7650
1254,7653
1254,7629
1254,7676
1254,7639
1255,7741
1255,7742
1255,7746
1255,7712
1255,7688
1255,7731
1256,7679
1256,7727
1256,7730
1256,7749
1256,7705
1256,7706
1257,7686
1257,7752
1257,7701
1257,7729
1257,7689
1257,7691
1258,7708
1258,7709
1258,7732
1258,7716
1258,7720
1258,7721
1259,7678
1259,7718
1259,7681
1259,7745
1259,7711
1259,7692
1260,7693
1260,7750
1260,7738
1260,7744
1260,7723
1260,7700
1261,7739
1261,7734
1261,7751
1261,7722
1261,7717
1261,7740
1262,7726
1262,7728
1262,7747
1262,7719
1262,7737
1262,7687
1263,7710
1263,7685
1263,7748
1263,7736
1263,7702
1263,7753
1264,7743
1264,7724
1264,7697
1264,7690
1264,7733
1265,7696
1265,7725
1265,7694
1265,7713
1265,7707
1265,7699
1266,7703
1266,7698
1266,7682
1266,7684
1266,7680
1267,7683
1267,7704
1267,7715
1267,7695
1267,7735
1267,7714
1268,7813
1268,7759
1268,7822
1268,7756
1268,7820
1268,7757
1269,7765
1269,7787
1269,7811
1269,7797
1269,7774
1270,7798
1270,7788
1270,7796
1270,7808
1270,7770
1270,7786
1271,7818
1271,7773
1271,7761
1271,7819
1271,7815
1271,7775
1272,7785
1272,7789
1272,7781
1272,7794
1272,7793
1273,7764
1273,7803
1273,7767
1273,7762
1273,7755
1274,7768
1274,7817
1274,7792
1274,7821
1274,7809
1274,7777
1275,7766
1275,7816
1275,7779
1275,7810
1275,7799
1275,7802
1276,7791
1276,7804
1276,7823
1276,7801
1276,7814
1276,7806
1277,7776
1277,7790
1277,7795
1277,7784
1277,7760
1277,7800
1278,7805
1278,7771
1278,7758
1278,7769
1278,7812
1278,7772
1279,7778
1279,7780
1279,7807
1279,7782
1279,7783
1279,7763
1280,7891
1280,7901
1280,7879
1280,7851
1280,7877
1280,7881
1281,7843
1281,7861
1281,7869
1281,7898
1281,7890
1281,7878
1282,7889
1282,7860
1282,7882
1282,7844
1282,7826
1282,7839
1283,7862
1283,7876
1283,7871
1283,7836
1283,7845
1283,7892
1284,7893
1284,7884
1284,7858
1284,7888
1284,7850
1284,7873
1285,7834
1285,7875
1285,7895
1285,7874
1285,7887
1285,7855
1286,7849
1286,7828
1286,7847
1286,7883
1286,7900
1287,7857
1287,7897
1287,7837
1287,7831
1287,7899
1287,7825
1288,7894
1288,7827
1288,7886
1288,7846
1288,7867
1288,7870
1289,7859
1289,7865
1289,7841
1289,7829
1289,7885
1289,7852
1290,7833
1290,7835
1290,7866
1290,7863
1290,7842
1290,7853
1291,7840
1291,7864
1291,7838
1291,7868
1291,7856
1291,7854
1292,7896
1292,7848
1292,7830
1292,7872
1292,7832
1292,7880
1293,7915
1293,7949
1293,7922
1293,7950
1293,7939
1293,7924
1294,7959
1294,7906
1294,7956
1294,7947
1294,7926
1294,7931
1295,7961
1295,7948
1295,7952
1295,7942
1295,7957
1295,7914
1296,7908
1296,7917
1296,7940
1296,7919
1296,7958
1296,7907
1297,7932
1297,7923
1297,7911
1297,7903
1297,7941
1297,7910
1298,7960
1298,7951
1298,7912
1298,7930
1298,7909
1298,7944
1299,7920
1299,7929
1299,7954
1299,7937
1299,7928
1299,7935
1300,7921
1300,7933
1300,7953
1300,7916
1300,7943
1300,7962
1301,7945
1301,7905
1301,7936
1301,7946
1301,7925
1301,7918
1302,7934
1302,7927
1302,7913
1302,7904
1302,7938
1302,7955
1303,7988
1303,7970
1303,7982
1303,8006
1303,7992
1303,8017
1304,7967
1304,7965
1304,7991
1304,8002
1304,7995
1304,7985
1305,8008
1305,8005
1305,7978
1305,7984
1305,8015
1306,7996
1306,8004
1306,8013
1306,7987
1306,8011
1307,8009
1307,7986
1307,7990
1307,8001
1307,7993
1307,8014
1308,7983
1308,7976
1308,8019
1308,7981
1308,7998
1309,7973
1309,7977
1309,7971
1309,7989
1309,8018
1309,7997
1310,7964
1310,7994
1310,7980
1310,7966
1310,8016
1310,8012
1311,7972
1311,8007
1311,7974
1311,7969
1311,7979
1311,7999
1312,8010
1312,7968
1312,7975
1312,8003
1312,8020
1312,8000
1313,8064
1313,8087
1313,8029
1313,8044
1313,8082
1313,8039
1314,8075
1314,8073
1314,8066
1314,8036
1314,8022
1314,8057
1315,8077
1315,8095
1315,8026
1315,8025
1315,8072
1315,8040
1316,8058
1316,8071
1316,8050
1316,8052
1316,8079
1316,8024
1317,8080
1317,8091
1317,8094
1317,8037
1317,8027
1317,8085
1318,8045
1318,8065
1318,8089
1318,8092
1318,8035
1318,8090
1319,8081
1319,8053
1319,8030
1319,8031
1319,8060
1319,8048
1320,8097
1320,8070
1320,8086
1320,8034
1320,8059
1320,8078
1321,8046
1321,8049
1321,8083
1321,8084
1321,8028
1321,8043
1322,8061
1322,8069
1322,8042
1322,8063
1322,8051
1322,8074
1323,8056
1323,8096
1323,8032
1323,8047
1323,8068
1323,8076
1324,8055
1324,8023
1324,8033
1324,8054
1324,8067
1324,8093
1325,8099
1325,8062
1325,8038
1325,8041
1325,8088
1325,8098
1326,8142
1326,8145
1326,8139
1326,8158
1326,8118
1326,8137
1327,8115
1327,8155
1327,8143
1327,8151
1327,8152
1327,8144
1328,8135
1328,8119
1328,8101
1328,8165
1328,8113
1328,8141
1329,8131
1329,8140
1329,8149
1329,8154
1329,8106
1329,8108
1329,8161
1330,8116
1330,8122
1330,8109
1330,8133
1330,8167
1330,8124
1330,8153
1331,8163
1331,8126
1331,8127
1331,8128
1331,8164
1331,8121
1332,8150
1332,8146
1332,8103
1332,8107
1332,8117
1332,8138
1333,8102
1333,8112
1333,8134
1333,8120
1333,8125
1333,8123
1334,8148
1334,8159
1334,8110
1334,8104
1334,8168
1334,8130
1335,8156
1335,8132
1335,8136
1335,8157
1335,8160
1335,8166
1336,8111
1336,8105
1336,8147
1336,8162
1336,8114
1336,8129
1337,8208
1337,8235
1337,8203
1337,8233
1337,8225
1337,8223
1337,8230
1338,8191
1338,8171
1338,8213
1338,8205
1338,8214
1338,8170
1339,8227
1339,8197
1339,8179
1339,8196
1339,8218
1339,8178
1340,8211
1340,8185
1340,8207
1340,8210
1340,8219
1340,8176
1341,8172
1341,8202
1341,8174
1341,8199
1341,8188
1341,8222
1342,8209
1342,8189
1342,8198
1342,8177
1342,8226
1342,8236
1343,8220
1343,8186
1343,8217
1343,8231
1343,8194
1343,8183
1344,8204
1344,8200
1344,8232
1344,8215
1344,8234
1344,8195
1345,8228
1345,8193
1345,8216
1345,8229
1345,8212
1345,8173
1346,8224
1346,8190
1346,8180
1346,8187
1346,8201
1346,8192
1347,8181
1347,8182
1347,8175
1347,8206
1347,8221
1347,8184
1348,8256
1348,8280
1348,8296
1348,8275
1348,8305
1348,8295
1349,8259
1349,8303
1349,8297
1349,8243
1349,8245
1350,8265
1350,8302
1350,8298
1350,8284
1350,8251
1350,8238
1351,8258
1351,8299
1351,8288
1351,8300
1351,8242
1351,8240
1352,8281
1352,8249
1352,8282
1352,8294
1352,8286
1352,8254
1353,8244
1353,8290
1353,8266
1353,8272
1353,8241
1353,8293
1354,8248
1354,8269
1354,8247
1354,8274
1354,8289
1354,8285
1355,8253
1355,8287
1355,8278
1355,8239
1355,8276
1355,8270
1356,8252
1356,8283
1356,8246
1356,8304
1356,8261
1357,8301
1357,8292
1357,8268
1357,8257
1357,8255
1358,8306
1358,8279
1358,8271
1358,8262
1358,8264
1358,8277
1359,8267
1359,8273
1359,8263
1359,8250
1359,8260
1359,8291
1360,8331
1360,8335
1360,8339
1360,8338
1360,8317
1360,8313
1361,8321
1361,8319
1361,8333
1361,8320
1361,8325
1361,8328
1362,8334
1362,8326
1362,8309
1362,8316
1362,8343
1362,8341
1363,8344
1363,8323
1363,8308
1363,8318
1363,8330
1363,8315
1364,8332
1364,8312
1364,8329
1364,8324
1364,8340
1364,8342
1364,8337
1365,8311
1365,8336
1365,8310
1365,8327
1365,8314
1365,8322
1366,8358
1366,8351
1366,8369
1366,8359
1366,8366
1366,8389
1366,8385
1367,8371
1367,8365
1367,8357
1367,8387
1367,8361
1367,8401
1368,8390
1368,8393
1368,8379
1368,8354
1368,8388
1368,8353
1369,8377
1369,8373
1369,8375
1369,8397
1369,8356
1369,8400
1370,8360
1370,8383
1370,8380
1370,8368
1370,8349
1370,8350
1371,8391
1371,8398
1371,8374
1371,8386
1371,8348
1371,8355
1372,8362
1372,8372
1372,8395
1372,8347
1372,8367
1372,8392
1373,8399
1373,8396
1373,8370
1373,8378
1373,8346
1373,8381
1374,8394
1374,8352
1374,8384
1374,8364
1374,8376
1374,8363
1374,8382
1375,8435
1375,8443
1375,8468
1375,8458
1375,8420
1375,8455
1376,8440
1376,8427
1376,8446
1376,8448
1376,8471
1376,8438
1377,8414
1377,8410
1377,8462
1377,8418
1377,8424
1377,8434
1378,8436
1378,8456
1378,8426
1378,8419
1378,8445
1378,8439
1378,8475
1379,8412
1379,8408
1379,8404
1379,8474
1379,8472
1379,8431
1380,8406
1380,8453
1380,8421
1380,8460
1380,8413
1380,8454
1381,8465
1381,8470
1381,8423
1381,8417
1381,8428
1381,8416
1382,8450
1382,8447
1382,8405
1382,8442
1382,8466
1382,8441
1382,8422
1383,8425
1383,8444
1383,8433
1383,8476
1383,8449
1383,8429
1384,8459
1384,8451
1384,8464
1384,8473
1384,8461
1384,8463
1385,8452
1385,8430
1385,8409
1385,8467
1385,8432
1385,8403
1386,8415
1386,8407
1386,8411
1386,8457
1386,8469
1386,8437
1387,8490
1387,8485
1387,8479
1387,8515
1387,8486
1387,8505
1388,8508
1388,8514
1388,8501
1388,8488
1388,8498
1388,8497
1389,8494
1389,8511
1389,8487
1389,8504
1389,8484
1389,8478
1389,8483
1390,8489
1390,8500
1390,8509
1390,8482
1390,8496
1390,8506
1391,8481
1391,8507
1391,8503
1391,8491
1391,8513
1391,8492
1392,8510
1392,8493
1392,8512
1392,8502
1392,8499
1392,8480
1392,8495
1393,8531
1393,8560
1393,8568
1393,8548
1393,8561
1393,8556
1394,8540
1394,8573
1394,8559
1394,8588
1394,8562
1394,8577
1395,8523
1395,8538
1395,8590
1395,8541
1395,8576
1395,8563
1396,8521
1396,8528
1396,8542
1396,8544
1396,8566
1396,8520
1397,8582
1397,8529
1397,8522
1397,8571
1397,8575
1397,8519
1398,8570
1398,8591
1398,8557
1398,8587
1398,8537
1398,8564
1399,8530
1399,8565
1399,8578
1399,8518
1399,8589
1399,8579
1400,8558
1400,8527
1400,8536
1400,8524
1400,8539
1400,8551
1401,8555
1401,8554
1401,8535
1401,8584
1401,8580
1401,8572
1402,8545
1402,8550
1402,8583
1402,8593
1402,8569
1402,8592
1403,8594
1403,8532
1403,8574
1403,8526
1403,8534
1403,8547
1404,8517
1404,8543
1404,8546
1404,8549
1404,8525
1404,8533
1405,8552
1405,8567
1405,8586
1405,8553
1405,8585
1405,8581
